audio_id,name,instrument,technique,duration,pitch,pitch_id,dynamics,dynamics_id,instance_id,string_id
1,violoncello_ord_C2_pp_001.wav,Violoncello,ordinario,8.474,C2,36,pp,0,3,4.0
2,violoncello_ord_C#2_pp_002.wav,Violoncello,ordinario,7.051,C#2,37,pp,0,3,4.0
3,violoncello_ord_D2_pp_003.wav,Violoncello,ordinario,9.673,D2,38,pp,0,3,4.0
4,violoncello_ord_D#2_pp_004.wav,Violoncello,ordinario,8.579,D#2,39,pp,0,3,4.0
5,violoncello_ord_E2_pp_005.wav,Violoncello,ordinario,8.586,E2,40,pp,0,3,4.0
6,violoncello_ord_F2_pp_006.wav,Violoncello,ordinario,7.971,F2,41,pp,0,3,4.0
7,violoncello_ord_F#2_pp_007.wav,Violoncello,ordinario,7.078,F#2,42,pp,0,3,4.0
8,violoncello_ord_G2_pp_008.wav,Violoncello,ordinario,10.41,G2,43,pp,0,2,3.0
9,violoncello_ord_G2_pp_009.wav,Violoncello,ordinario,7.946,G2,43,pp,0,3,4.0
10,violoncello_ord_G#2_pp_010.wav,Violoncello,ordinario,8.862,G#2,44,pp,0,2,3.0
11,violoncello_ord_G#2_pp_011.wav,Violoncello,ordinario,8.13,G#2,44,pp,0,3,4.0
12,violoncello_ord_A2_pp_012.wav,Violoncello,ordinario,8.356,A2,45,pp,0,2,3.0
13,violoncello_ord_A2_pp_013.wav,Violoncello,ordinario,8.512,A2,45,pp,0,3,4.0
14,violoncello_ord_A#2_pp_014.wav,Violoncello,ordinario,8.865,A#2,46,pp,0,2,3.0
15,violoncello_ord_A#2_pp_015.wav,Violoncello,ordinario,8.845,A#2,46,pp,0,3,4.0
16,violoncello_ord_B2_pp_016.wav,Violoncello,ordinario,8.2,B2,47,pp,0,2,3.0
17,violoncello_ord_B2_pp_017.wav,Violoncello,ordinario,7.823,B2,47,pp,0,3,4.0
18,violoncello_ord_C3_pp_018.wav,Violoncello,ordinario,8.22,C3,48,pp,0,2,3.0
19,violoncello_ord_C3_pp_019.wav,Violoncello,ordinario,7.472,C3,48,pp,0,3,4.0
20,violoncello_ord_C#3_pp_020.wav,Violoncello,ordinario,8.823,C#3,49,pp,0,2,3.0
21,violoncello_ord_C#3_pp_021.wav,Violoncello,ordinario,7.324,C#3,49,pp,0,3,4.0
22,violoncello_ord_D3_pp_022.wav,Violoncello,ordinario,9.018,D3,50,pp,0,1,2.0
23,violoncello_ord_D3_pp_023.wav,Violoncello,ordinario,7.584,D3,50,pp,0,2,3.0
24,violoncello_ord_D3_pp_024.wav,Violoncello,ordinario,8.976,D3,50,pp,0,3,4.0
25,violoncello_ord_D#3_pp_025.wav,Violoncello,ordinario,8.131,D#3,51,pp,0,1,2.0
26,violoncello_ord_D#3_pp_026.wav,Violoncello,ordinario,8.194,D#3,51,pp,0,2,3.0
27,violoncello_ord_D#3_pp_027.wav,Violoncello,ordinario,6.857,D#3,51,pp,0,3,4.0
28,violoncello_ord_E3_pp_028.wav,Violoncello,ordinario,9.608,E3,52,pp,0,1,2.0
29,violoncello_ord_E3_pp_029.wav,Violoncello,ordinario,8.104,E3,52,pp,0,2,3.0
30,violoncello_ord_E3_pp_030.wav,Violoncello,ordinario,7.579,E3,52,pp,0,3,4.0
31,violoncello_ord_F3_pp_031.wav,Violoncello,ordinario,7.574,F3,53,pp,0,1,2.0
32,violoncello_ord_F3_pp_032.wav,Violoncello,ordinario,6.672,F3,53,pp,0,2,3.0
33,violoncello_ord_F3_pp_033.wav,Violoncello,ordinario,7.468,F3,53,pp,0,3,4.0
34,violoncello_ord_F#3_pp_034.wav,Violoncello,ordinario,7.073,F#3,54,pp,0,1,2.0
35,violoncello_ord_F#3_pp_035.wav,Violoncello,ordinario,7.672,F#3,54,pp,0,2,3.0
36,violoncello_ord_F#3_pp_036.wav,Violoncello,ordinario,7.473,F#3,54,pp,0,3,4.0
37,violoncello_ord_G3_pp_037.wav,Violoncello,ordinario,9.997,G3,55,pp,0,1,2.0
38,violoncello_ord_G3_pp_038.wav,Violoncello,ordinario,7.972,G3,55,pp,0,2,3.0
39,violoncello_ord_G3_pp_039.wav,Violoncello,ordinario,7.736,G3,55,pp,0,3,4.0
40,violoncello_ord_G#3_pp_040.wav,Violoncello,ordinario,7.422,G#3,56,pp,0,1,2.0
41,violoncello_ord_G#3_pp_041.wav,Violoncello,ordinario,7.843,G#3,56,pp,0,2,3.0
42,violoncello_ord_G#3_pp_042.wav,Violoncello,ordinario,7.702,G#3,56,pp,0,3,4.0
43,violoncello_ord_A3_pp_043.wav,Violoncello,ordinario,8.753,A3,57,pp,0,0,1.0
44,violoncello_ord_A3_pp_044.wav,Violoncello,ordinario,8.492,A3,57,pp,0,1,2.0
45,violoncello_ord_A3_pp_045.wav,Violoncello,ordinario,10.779,A3,57,pp,0,2,3.0
46,violoncello_ord_A3_pp_046.wav,Violoncello,ordinario,7.375,A3,57,pp,0,3,4.0
47,violoncello_ord_A#3_pp_047.wav,Violoncello,ordinario,7.662,A#3,58,pp,0,0,1.0
48,violoncello_ord_A#3_pp_048.wav,Violoncello,ordinario,9.18,A#3,58,pp,0,1,2.0
49,violoncello_ord_A#3_pp_049.wav,Violoncello,ordinario,8.709,A#3,58,pp,0,2,3.0
50,violoncello_ord_A#3_pp_050.wav,Violoncello,ordinario,7.266,A#3,58,pp,0,3,4.0
51,violoncello_ord_B3_pp_051.wav,Violoncello,ordinario,7.441,B3,59,pp,0,0,1.0
52,violoncello_ord_B3_pp_052.wav,Violoncello,ordinario,8.27,B3,59,pp,0,1,2.0
53,violoncello_ord_B3_pp_053.wav,Violoncello,ordinario,8.434,B3,59,pp,0,2,3.0
54,violoncello_ord_C4_pp_054.wav,Violoncello,ordinario,8.445,C4,60,pp,0,0,1.0
55,violoncello_ord_C4_pp_055.wav,Violoncello,ordinario,8.468,C4,60,pp,0,1,2.0
56,violoncello_ord_C4_pp_056.wav,Violoncello,ordinario,7.607,C4,60,pp,0,2,3.0
57,violoncello_ord_C#4_pp_057.wav,Violoncello,ordinario,9.094,C#4,61,pp,0,0,1.0
58,violoncello_ord_C#4_pp_058.wav,Violoncello,ordinario,7.604,C#4,61,pp,0,1,2.0
59,violoncello_ord_C#4_pp_059.wav,Violoncello,ordinario,7.196,C#4,61,pp,0,2,3.0
60,violoncello_ord_D4_pp_060.wav,Violoncello,ordinario,7.723,D4,62,pp,0,0,1.0
61,violoncello_ord_D4_pp_061.wav,Violoncello,ordinario,9.02,D4,62,pp,0,1,2.0
62,violoncello_ord_D4_pp_062.wav,Violoncello,ordinario,7.706,D4,62,pp,0,2,3.0
63,violoncello_ord_D#4_pp_063.wav,Violoncello,ordinario,7.365,D#4,63,pp,0,0,1.0
64,violoncello_ord_D#4_pp_064.wav,Violoncello,ordinario,7.996,D#4,63,pp,0,1,2.0
65,violoncello_ord_D#4_pp_065.wav,Violoncello,ordinario,8.627,D#4,63,pp,0,2,3.0
66,violoncello_ord_E4_pp_066.wav,Violoncello,ordinario,8.033,E4,64,pp,0,0,1.0
67,violoncello_ord_E4_pp_067.wav,Violoncello,ordinario,8.63,E4,64,pp,0,1,2.0
68,violoncello_ord_E4_pp_068.wav,Violoncello,ordinario,8.72,E4,64,pp,0,2,3.0
69,violoncello_ord_F4_pp_069.wav,Violoncello,ordinario,7.943,F4,65,pp,0,0,1.0
70,violoncello_ord_F4_pp_070.wav,Violoncello,ordinario,7.403,F4,65,pp,0,1,2.0
71,violoncello_ord_F4_pp_071.wav,Violoncello,ordinario,8.163,F4,65,pp,0,2,3.0
72,violoncello_ord_F#4_pp_072.wav,Violoncello,ordinario,7.517,F#4,66,pp,0,0,1.0
73,violoncello_ord_F#4_pp_073.wav,Violoncello,ordinario,7.707,F#4,66,pp,0,1,2.0
74,violoncello_ord_G4_pp_074.wav,Violoncello,ordinario,7.866,G4,67,pp,0,0,1.0
75,violoncello_ord_G4_pp_075.wav,Violoncello,ordinario,7.447,G4,67,pp,0,1,2.0
76,violoncello_ord_G#4_pp_076.wav,Violoncello,ordinario,8.77,G#4,68,pp,0,0,1.0
77,violoncello_ord_G#4_pp_077.wav,Violoncello,ordinario,6.782,G#4,68,pp,0,1,2.0
78,violoncello_ord_A4_pp_078.wav,Violoncello,ordinario,7.764,A4,69,pp,0,0,1.0
79,violoncello_ord_A4_pp_079.wav,Violoncello,ordinario,7.44,A4,69,pp,0,1,2.0
80,violoncello_ord_A#4_pp_080.wav,Violoncello,ordinario,7.995,A#4,70,pp,0,0,1.0
81,violoncello_ord_A#4_pp_081.wav,Violoncello,ordinario,6.56,A#4,70,pp,0,1,2.0
82,violoncello_ord_B4_pp_082.wav,Violoncello,ordinario,7.985,B4,71,pp,0,0,1.0
83,violoncello_ord_B4_pp_083.wav,Violoncello,ordinario,7.797,B4,71,pp,0,1,2.0
84,violoncello_ord_C5_pp_084.wav,Violoncello,ordinario,7.78,C5,72,pp,0,0,1.0
85,violoncello_ord_C5_pp_085.wav,Violoncello,ordinario,7.172,C5,72,pp,0,1,2.0
86,violoncello_ord_C#5_pp_086.wav,Violoncello,ordinario,8.242,C#5,73,pp,0,0,1.0
87,violoncello_ord_D5_pp_087.wav,Violoncello,ordinario,7.842,D5,74,pp,0,0,1.0
88,violoncello_ord_D#5_pp_088.wav,Violoncello,ordinario,8.355,D#5,75,pp,0,0,1.0
89,violoncello_ord_E5_pp_089.wav,Violoncello,ordinario,7.139,E5,76,pp,0,0,1.0
90,violoncello_ord_F5_pp_090.wav,Violoncello,ordinario,7.697,F5,77,pp,0,0,1.0
91,violoncello_ord_F#5_pp_091.wav,Violoncello,ordinario,7.936,F#5,78,pp,0,0,1.0
92,violoncello_ord_G5_pp_092.wav,Violoncello,ordinario,7.106,G5,79,pp,0,0,1.0
93,violoncello_ord_G#5_pp_093.wav,Violoncello,ordinario,6.788,G#5,80,pp,0,0,1.0
94,violoncello_ord_A5_pp_094.wav,Violoncello,ordinario,7.385,A5,81,pp,0,0,1.0
95,violoncello_ord_A#5_pp_095.wav,Violoncello,ordinario,7.161,A#5,82,pp,0,0,1.0
96,violoncello_ord_B5_pp_096.wav,Violoncello,ordinario,7.921,B5,83,pp,0,0,1.0
97,violoncello_ord_C6_pp_097.wav,Violoncello,ordinario,6.675,C6,84,pp,0,0,1.0
98,violoncello_ord_C2_mf_098.wav,Violoncello,ordinario,8.44,C2,36,mf,2,3,4.0
99,violoncello_ord_C#2_mf_099.wav,Violoncello,ordinario,7.638,C#2,37,mf,2,3,4.0
100,violoncello_ord_D2_mf_100.wav,Violoncello,ordinario,9.278,D2,38,mf,2,3,4.0
101,violoncello_ord_D#2_mf_101.wav,Violoncello,ordinario,8.293,D#2,39,mf,2,3,4.0
102,violoncello_ord_E2_mf_102.wav,Violoncello,ordinario,7.397,E2,40,mf,2,3,4.0
103,violoncello_ord_F2_mf_103.wav,Violoncello,ordinario,7.824,F2,41,mf,2,3,4.0
104,violoncello_ord_F#2_mf_104.wav,Violoncello,ordinario,7.564,F#2,42,mf,2,3,4.0
105,violoncello_ord_G2_mf_105.wav,Violoncello,ordinario,12.113,G2,43,mf,2,2,3.0
106,violoncello_ord_G2_mf_106.wav,Violoncello,ordinario,7.528,G2,43,mf,2,3,4.0
107,violoncello_ord_G#2_mf_107.wav,Violoncello,ordinario,8.209,G#2,44,mf,2,2,3.0
108,violoncello_ord_G#2_mf_108.wav,Violoncello,ordinario,7.879,G#2,44,mf,2,3,4.0
109,violoncello_ord_A2_mf_109.wav,Violoncello,ordinario,9.008,A2,45,mf,2,2,3.0
110,violoncello_ord_A2_mf_110.wav,Violoncello,ordinario,8.388,A2,45,mf,2,3,4.0
111,violoncello_ord_A#2_mf_111.wav,Violoncello,ordinario,7.548,A#2,46,mf,2,2,3.0
112,violoncello_ord_A#2_mf_112.wav,Violoncello,ordinario,8.111,A#2,46,mf,2,3,4.0
113,violoncello_ord_B2_mf_113.wav,Violoncello,ordinario,7.917,B2,47,mf,2,2,3.0
114,violoncello_ord_B2_mf_114.wav,Violoncello,ordinario,7.045,B2,47,mf,2,3,4.0
115,violoncello_ord_C3_mf_115.wav,Violoncello,ordinario,8.978,C3,48,mf,2,2,3.0
116,violoncello_ord_C3_mf_116.wav,Violoncello,ordinario,7.469,C3,48,mf,2,3,4.0
117,violoncello_ord_C#3_mf_117.wav,Violoncello,ordinario,7.901,C#3,49,mf,2,2,3.0
118,violoncello_ord_C#3_mf_118.wav,Violoncello,ordinario,7.679,C#3,49,mf,2,3,4.0
119,violoncello_ord_D3_mf_119.wav,Violoncello,ordinario,10.061,D3,50,mf,2,1,2.0
120,violoncello_ord_D3_mf_120.wav,Violoncello,ordinario,7.374,D3,50,mf,2,2,3.0
121,violoncello_ord_D3_mf_121.wav,Violoncello,ordinario,9.615,D3,50,mf,2,3,4.0
122,violoncello_ord_D#3_mf_122.wav,Violoncello,ordinario,7.643,D#3,51,mf,2,1,2.0
123,violoncello_ord_D#3_mf_123.wav,Violoncello,ordinario,7.558,D#3,51,mf,2,2,3.0
124,violoncello_ord_D#3_mf_124.wav,Violoncello,ordinario,6.793,D#3,51,mf,2,3,4.0
125,violoncello_ord_E3_mf_125.wav,Violoncello,ordinario,7.723,E3,52,mf,2,1,2.0
126,violoncello_ord_E3_mf_126.wav,Violoncello,ordinario,7.339,E3,52,mf,2,2,3.0
127,violoncello_ord_E3_mf_127.wav,Violoncello,ordinario,7.125,E3,52,mf,2,3,4.0
128,violoncello_ord_F3_mf_128.wav,Violoncello,ordinario,7.424,F3,53,mf,2,1,2.0
129,violoncello_ord_F3_mf_129.wav,Violoncello,ordinario,7.13,F3,53,mf,2,2,3.0
130,violoncello_ord_F3_mf_130.wav,Violoncello,ordinario,6.586,F3,53,mf,2,3,4.0
131,violoncello_ord_F#3_mf_131.wav,Violoncello,ordinario,7.737,F#3,54,mf,2,1,2.0
132,violoncello_ord_F#3_mf_132.wav,Violoncello,ordinario,7.581,F#3,54,mf,2,2,3.0
133,violoncello_ord_F#3_mf_133.wav,Violoncello,ordinario,6.824,F#3,54,mf,2,3,4.0
134,violoncello_ord_G3_mf_134.wav,Violoncello,ordinario,7.435,G3,55,mf,2,1,2.0
135,violoncello_ord_G3_mf_135.wav,Violoncello,ordinario,7.871,G3,55,mf,2,2,3.0
136,violoncello_ord_G3_mf_136.wav,Violoncello,ordinario,8.35,G3,55,mf,2,3,4.0
137,violoncello_ord_G#3_mf_137.wav,Violoncello,ordinario,7.978,G#3,56,mf,2,1,2.0
138,violoncello_ord_G#3_mf_138.wav,Violoncello,ordinario,7.629,G#3,56,mf,2,2,3.0
139,violoncello_ord_G#3_mf_139.wav,Violoncello,ordinario,7.664,G#3,56,mf,2,3,4.0
140,violoncello_ord_A3_mf_140.wav,Violoncello,ordinario,9.713,A3,57,mf,2,0,1.0
141,violoncello_ord_A3_mf_141.wav,Violoncello,ordinario,7.451,A3,57,mf,2,1,2.0
142,violoncello_ord_A3_mf_142.wav,Violoncello,ordinario,10.16,A3,57,mf,2,2,3.0
143,violoncello_ord_A3_mf_143.wav,Violoncello,ordinario,7.514,A3,57,mf,2,3,4.0
144,violoncello_ord_A#3_mf_144.wav,Violoncello,ordinario,7.361,A#3,58,mf,2,0,1.0
145,violoncello_ord_A#3_mf_145.wav,Violoncello,ordinario,7.756,A#3,58,mf,2,1,2.0
146,violoncello_ord_A#3_mf_146.wav,Violoncello,ordinario,9.59,A#3,58,mf,2,2,3.0
147,violoncello_ord_A#3_mf_147.wav,Violoncello,ordinario,7.38,A#3,58,mf,2,3,4.0
148,violoncello_ord_B3_mf_148.wav,Violoncello,ordinario,7.381,B3,59,mf,2,0,1.0
149,violoncello_ord_B3_mf_149.wav,Violoncello,ordinario,7.31,B3,59,mf,2,1,2.0
150,violoncello_ord_B3_mf_150.wav,Violoncello,ordinario,8.395,B3,59,mf,2,2,3.0
151,violoncello_ord_C4_mf_151.wav,Violoncello,ordinario,8.97,C4,60,mf,2,0,1.0
152,violoncello_ord_C4_mf_152.wav,Violoncello,ordinario,7.563,C4,60,mf,2,1,2.0
153,violoncello_ord_C4_mf_153.wav,Violoncello,ordinario,8.365,C4,60,mf,2,2,3.0
154,violoncello_ord_C#4_mf_154.wav,Violoncello,ordinario,7.18,C#4,61,mf,2,0,1.0
155,violoncello_ord_C#4_mf_155.wav,Violoncello,ordinario,7.885,C#4,61,mf,2,1,2.0
156,violoncello_ord_C#4_mf_156.wav,Violoncello,ordinario,7.172,C#4,61,mf,2,2,3.0
157,violoncello_ord_D4_mf_157.wav,Violoncello,ordinario,7.746,D4,62,mf,2,0,1.0
158,violoncello_ord_D4_mf_158.wav,Violoncello,ordinario,8.985,D4,62,mf,2,1,2.0
159,violoncello_ord_D4_mf_159.wav,Violoncello,ordinario,8.241,D4,62,mf,2,2,3.0
160,violoncello_ord_D#4_mf_160.wav,Violoncello,ordinario,7.827,D#4,63,mf,2,0,1.0
161,violoncello_ord_D#4_mf_161.wav,Violoncello,ordinario,8.098,D#4,63,mf,2,1,2.0
162,violoncello_ord_D#4_mf_162.wav,Violoncello,ordinario,7.061,D#4,63,mf,2,2,3.0
163,violoncello_ord_E4_mf_163.wav,Violoncello,ordinario,8.028,E4,64,mf,2,0,1.0
164,violoncello_ord_E4_mf_164.wav,Violoncello,ordinario,8.596,E4,64,mf,2,1,2.0
165,violoncello_ord_E4_mf_165.wav,Violoncello,ordinario,7.212,E4,64,mf,2,2,3.0
166,violoncello_ord_F4_mf_166.wav,Violoncello,ordinario,7.284,F4,65,mf,2,0,1.0
167,violoncello_ord_F4_mf_167.wav,Violoncello,ordinario,7.102,F4,65,mf,2,1,2.0
168,violoncello_ord_F4_mf_168.wav,Violoncello,ordinario,6.943,F4,65,mf,2,2,3.0
169,violoncello_ord_F#4_mf_169.wav,Violoncello,ordinario,7.071,F#4,66,mf,2,0,1.0
170,violoncello_ord_F#4_mf_170.wav,Violoncello,ordinario,6.571,F#4,66,mf,2,1,2.0
171,violoncello_ord_G4_mf_171.wav,Violoncello,ordinario,8.321,G4,67,mf,2,0,1.0
172,violoncello_ord_G4_mf_172.wav,Violoncello,ordinario,6.724,G4,67,mf,2,1,2.0
173,violoncello_ord_G#4_mf_173.wav,Violoncello,ordinario,8.189,G#4,68,mf,2,0,1.0
174,violoncello_ord_G#4_mf_174.wav,Violoncello,ordinario,7.508,G#4,68,mf,2,1,2.0
175,violoncello_ord_A4_mf_175.wav,Violoncello,ordinario,7.562,A4,69,mf,2,0,1.0
176,violoncello_ord_A4_mf_176.wav,Violoncello,ordinario,8.528,A4,69,mf,2,1,2.0
177,violoncello_ord_A#4_mf_177.wav,Violoncello,ordinario,6.706,A#4,70,mf,2,0,1.0
178,violoncello_ord_A#4_mf_178.wav,Violoncello,ordinario,7.101,A#4,70,mf,2,1,2.0
179,violoncello_ord_B4_mf_179.wav,Violoncello,ordinario,6.926,B4,71,mf,2,0,1.0
180,violoncello_ord_B4_mf_180.wav,Violoncello,ordinario,7.929,B4,71,mf,2,1,2.0
181,violoncello_ord_C5_mf_181.wav,Violoncello,ordinario,6.984,C5,72,mf,2,0,1.0
182,violoncello_ord_C5_mf_182.wav,Violoncello,ordinario,7.389,C5,72,mf,2,1,2.0
183,violoncello_ord_C#5_mf_183.wav,Violoncello,ordinario,7.53,C#5,73,mf,2,0,1.0
184,violoncello_ord_D5_mf_184.wav,Violoncello,ordinario,8.697,D5,74,mf,2,0,1.0
185,violoncello_ord_D#5_mf_185.wav,Violoncello,ordinario,7.163,D#5,75,mf,2,0,1.0
186,violoncello_ord_E5_mf_186.wav,Violoncello,ordinario,7.537,E5,76,mf,2,0,1.0
187,violoncello_ord_F5_mf_187.wav,Violoncello,ordinario,7.223,F5,77,mf,2,0,1.0
188,violoncello_ord_F#5_mf_188.wav,Violoncello,ordinario,6.632,F#5,78,mf,2,0,1.0
189,violoncello_ord_G5_mf_189.wav,Violoncello,ordinario,7.251,G5,79,mf,2,0,1.0
190,violoncello_ord_G#5_mf_190.wav,Violoncello,ordinario,6.474,G#5,80,mf,2,0,1.0
191,violoncello_ord_A5_mf_191.wav,Violoncello,ordinario,6.697,A5,81,mf,2,0,1.0
192,violoncello_ord_A#5_mf_192.wav,Violoncello,ordinario,6.665,A#5,82,mf,2,0,1.0
193,violoncello_ord_B5_mf_193.wav,Violoncello,ordinario,6.963,B5,83,mf,2,0,1.0
194,violoncello_ord_C6_mf_194.wav,Violoncello,ordinario,6.418,C6,84,mf,2,0,1.0
195,violoncello_ord_C2_ff_195.wav,Violoncello,ordinario,8.159,C2,36,ff,4,3,4.0
196,violoncello_ord_C#2_ff_196.wav,Violoncello,ordinario,7.792,C#2,37,ff,4,3,4.0
197,violoncello_ord_D2_ff_197.wav,Violoncello,ordinario,9.661,D2,38,ff,4,3,4.0
198,violoncello_ord_D#2_ff_198.wav,Violoncello,ordinario,7.963,D#2,39,ff,4,3,4.0
199,violoncello_ord_E2_ff_199.wav,Violoncello,ordinario,7.268,E2,40,ff,4,3,4.0
200,violoncello_ord_F2_ff_200.wav,Violoncello,ordinario,7.446,F2,41,ff,4,3,4.0
201,violoncello_ord_F#2_ff_201.wav,Violoncello,ordinario,7.342,F#2,42,ff,4,3,4.0
202,violoncello_ord_G2_ff_202.wav,Violoncello,ordinario,12.041,G2,43,ff,4,2,3.0
203,violoncello_ord_G2_ff_203.wav,Violoncello,ordinario,7.706,G2,43,ff,4,3,4.0
204,violoncello_ord_G#2_ff_204.wav,Violoncello,ordinario,7.56,G#2,44,ff,4,2,3.0
205,violoncello_ord_G#2_ff_205.wav,Violoncello,ordinario,8.159,G#2,44,ff,4,3,4.0
206,violoncello_ord_A2_ff_206.wav,Violoncello,ordinario,8.628,A2,45,ff,4,2,3.0
207,violoncello_ord_A2_ff_207.wav,Violoncello,ordinario,8.57,A2,45,ff,4,3,4.0
208,violoncello_ord_A#2_ff_208.wav,Violoncello,ordinario,7.641,A#2,46,ff,4,2,3.0
209,violoncello_ord_A#2_ff_209.wav,Violoncello,ordinario,8.036,A#2,46,ff,4,3,4.0
210,violoncello_ord_B2_ff_210.wav,Violoncello,ordinario,7.352,B2,47,ff,4,2,3.0
211,violoncello_ord_B2_ff_211.wav,Violoncello,ordinario,6.893,B2,47,ff,4,3,4.0
212,violoncello_ord_C3_ff_212.wav,Violoncello,ordinario,7.999,C3,48,ff,4,2,3.0
213,violoncello_ord_C3_ff_213.wav,Violoncello,ordinario,7.26,C3,48,ff,4,3,4.0
214,violoncello_ord_C#3_ff_214.wav,Violoncello,ordinario,7.726,C#3,49,ff,4,2,3.0
215,violoncello_ord_C#3_ff_215.wav,Violoncello,ordinario,7.114,C#3,49,ff,4,3,4.0
216,violoncello_ord_D3_ff_216.wav,Violoncello,ordinario,11.257,D3,50,ff,4,1,2.0
217,violoncello_ord_D3_ff_217.wav,Violoncello,ordinario,7.033,D3,50,ff,4,2,3.0
218,violoncello_ord_D3_ff_218.wav,Violoncello,ordinario,8.839,D3,50,ff,4,3,4.0
219,violoncello_ord_D#3_ff_219.wav,Violoncello,ordinario,8.365,D#3,51,ff,4,1,2.0
220,violoncello_ord_D#3_ff_220.wav,Violoncello,ordinario,7.129,D#3,51,ff,4,2,3.0
221,violoncello_ord_D#3_ff_221.wav,Violoncello,ordinario,5.713,D#3,51,ff,4,3,4.0
222,violoncello_ord_E3_ff_222.wav,Violoncello,ordinario,7.885,E3,52,ff,4,1,2.0
223,violoncello_ord_E3_ff_223.wav,Violoncello,ordinario,7.381,E3,52,ff,4,2,3.0
224,violoncello_ord_E3_ff_224.wav,Violoncello,ordinario,7.217,E3,52,ff,4,3,4.0
225,violoncello_ord_F3_ff_225.wav,Violoncello,ordinario,7.77,F3,53,ff,4,1,2.0
226,violoncello_ord_F3_ff_226.wav,Violoncello,ordinario,6.655,F3,53,ff,4,2,3.0
227,violoncello_ord_F3_ff_227.wav,Violoncello,ordinario,5.854,F3,53,ff,4,3,4.0
228,violoncello_ord_F#3_ff_228.wav,Violoncello,ordinario,7.458,F#3,54,ff,4,1,2.0
229,violoncello_ord_F#3_ff_229.wav,Violoncello,ordinario,7.066,F#3,54,ff,4,2,3.0
230,violoncello_ord_F#3_ff_230.wav,Violoncello,ordinario,6.376,F#3,54,ff,4,3,4.0
231,violoncello_ord_G3_ff_231.wav,Violoncello,ordinario,8.989,G3,55,ff,4,1,2.0
232,violoncello_ord_G3_ff_232.wav,Violoncello,ordinario,7.509,G3,55,ff,4,2,3.0
233,violoncello_ord_G3_ff_233.wav,Violoncello,ordinario,7.814,G3,55,ff,4,3,4.0
234,violoncello_ord_G#3_ff_234.wav,Violoncello,ordinario,7.418,G#3,56,ff,4,1,2.0
235,violoncello_ord_G#3_ff_235.wav,Violoncello,ordinario,7.462,G#3,56,ff,4,2,3.0
236,violoncello_ord_G#3_ff_236.wav,Violoncello,ordinario,7.08,G#3,56,ff,4,3,4.0
237,violoncello_ord_A3_ff_237.wav,Violoncello,ordinario,9.882,A3,57,ff,4,0,1.0
238,violoncello_ord_A3_ff_238.wav,Violoncello,ordinario,7.676,A3,57,ff,4,1,2.0
239,violoncello_ord_A3_ff_239.wav,Violoncello,ordinario,9.308,A3,57,ff,4,2,3.0
240,violoncello_ord_A3_ff_240.wav,Violoncello,ordinario,6.821,A3,57,ff,4,3,4.0
241,violoncello_ord_A#3_ff_241.wav,Violoncello,ordinario,7.477,A#3,58,ff,4,0,1.0
242,violoncello_ord_A#3_ff_242.wav,Violoncello,ordinario,8.025,A#3,58,ff,4,1,2.0
243,violoncello_ord_A#3_ff_243.wav,Violoncello,ordinario,6.753,A#3,58,ff,4,2,3.0
244,violoncello_ord_A#3_ff_244.wav,Violoncello,ordinario,7.601,A#3,58,ff,4,3,4.0
245,violoncello_ord_B3_ff_245.wav,Violoncello,ordinario,7.523,B3,59,ff,4,0,1.0
246,violoncello_ord_B3_ff_246.wav,Violoncello,ordinario,7.126,B3,59,ff,4,1,2.0
247,violoncello_ord_B3_ff_247.wav,Violoncello,ordinario,7.114,B3,59,ff,4,2,3.0
248,violoncello_ord_C4_ff_248.wav,Violoncello,ordinario,10.231,C4,60,ff,4,0,1.0
249,violoncello_ord_C4_ff_249.wav,Violoncello,ordinario,7.341,C4,60,ff,4,1,2.0
250,violoncello_ord_C4_ff_250.wav,Violoncello,ordinario,7.198,C4,60,ff,4,2,3.0
251,violoncello_ord_C#4_ff_251.wav,Violoncello,ordinario,7.234,C#4,61,ff,4,0,1.0
252,violoncello_ord_C#4_ff_252.wav,Violoncello,ordinario,6.893,C#4,61,ff,4,1,2.0
253,violoncello_ord_C#4_ff_253.wav,Violoncello,ordinario,7.337,C#4,61,ff,4,2,3.0
254,violoncello_ord_D4_ff_254.wav,Violoncello,ordinario,7.908,D4,62,ff,4,0,1.0
255,violoncello_ord_D4_ff_255.wav,Violoncello,ordinario,9.538,D4,62,ff,4,1,2.0
256,violoncello_ord_D4_ff_256.wav,Violoncello,ordinario,7.893,D4,62,ff,4,2,3.0
257,violoncello_ord_D#4_ff_257.wav,Violoncello,ordinario,7.082,D#4,63,ff,4,0,1.0
258,violoncello_ord_D#4_ff_258.wav,Violoncello,ordinario,7.549,D#4,63,ff,4,1,2.0
259,violoncello_ord_D#4_ff_259.wav,Violoncello,ordinario,7.015,D#4,63,ff,4,2,3.0
260,violoncello_ord_E4_ff_260.wav,Violoncello,ordinario,6.871,E4,64,ff,4,0,1.0
261,violoncello_ord_E4_ff_261.wav,Violoncello,ordinario,6.97,E4,64,ff,4,1,2.0
262,violoncello_ord_E4_ff_262.wav,Violoncello,ordinario,6.544,E4,64,ff,4,2,3.0
263,violoncello_ord_F4_ff_263.wav,Violoncello,ordinario,7.08,F4,65,ff,4,0,1.0
264,violoncello_ord_F4_ff_264.wav,Violoncello,ordinario,7.258,F4,65,ff,4,1,2.0
265,violoncello_ord_F4_ff_265.wav,Violoncello,ordinario,7.206,F4,65,ff,4,2,3.0
266,violoncello_ord_F#4_ff_266.wav,Violoncello,ordinario,7.364,F#4,66,ff,4,0,1.0
267,violoncello_ord_F#4_ff_267.wav,Violoncello,ordinario,7.268,F#4,66,ff,4,1,2.0
268,violoncello_ord_G4_ff_268.wav,Violoncello,ordinario,9.024,G4,67,ff,4,0,1.0
269,violoncello_ord_G4_ff_269.wav,Violoncello,ordinario,7.678,G4,67,ff,4,1,2.0
270,violoncello_ord_G#4_ff_270.wav,Violoncello,ordinario,7.511,G#4,68,ff,4,0,1.0
271,violoncello_ord_G#4_ff_271.wav,Violoncello,ordinario,6.524,G#4,68,ff,4,1,2.0
272,violoncello_ord_A4_ff_272.wav,Violoncello,ordinario,7.384,A4,69,ff,4,0,1.0
273,violoncello_ord_A4_ff_273.wav,Violoncello,ordinario,6.854,A4,69,ff,4,1,2.0
274,violoncello_ord_A#4_ff_274.wav,Violoncello,ordinario,7.168,A#4,70,ff,4,0,1.0
275,violoncello_ord_A#4_ff_275.wav,Violoncello,ordinario,7.3,A#4,70,ff,4,1,2.0
276,violoncello_ord_B4_ff_276.wav,Violoncello,ordinario,7.416,B4,71,ff,4,0,1.0
277,violoncello_ord_B4_ff_277.wav,Violoncello,ordinario,8.067,B4,71,ff,4,1,2.0
278,violoncello_ord_C5_ff_278.wav,Violoncello,ordinario,6.502,C5,72,ff,4,0,1.0
279,violoncello_ord_C5_ff_279.wav,Violoncello,ordinario,6.857,C5,72,ff,4,1,2.0
280,violoncello_ord_C#5_ff_280.wav,Violoncello,ordinario,6.92,C#5,73,ff,4,0,1.0
281,violoncello_ord_D5_ff_281.wav,Violoncello,ordinario,6.973,D5,74,ff,4,0,1.0
282,violoncello_ord_D#5_ff_282.wav,Violoncello,ordinario,7.385,D#5,75,ff,4,0,1.0
283,violoncello_ord_E5_ff_283.wav,Violoncello,ordinario,6.458,E5,76,ff,4,0,1.0
284,violoncello_ord_F5_ff_284.wav,Violoncello,ordinario,7.397,F5,77,ff,4,0,1.0
285,violoncello_ord_F#5_ff_285.wav,Violoncello,ordinario,6.45,F#5,78,ff,4,0,1.0
286,violoncello_ord_G5_ff_286.wav,Violoncello,ordinario,6.161,G5,79,ff,4,0,1.0
287,violoncello_ord_G#5_ff_287.wav,Violoncello,ordinario,6.292,G#5,80,ff,4,0,1.0
288,violoncello_ord_A5_ff_288.wav,Violoncello,ordinario,5.873,A5,81,ff,4,0,1.0
289,violoncello_ord_A#5_ff_289.wav,Violoncello,ordinario,6.799,A#5,82,ff,4,0,1.0
290,violoncello_ord_B5_ff_290.wav,Violoncello,ordinario,6.415,B5,83,ff,4,0,1.0
291,violoncello_ord_C6_ff_291.wav,Violoncello,ordinario,6.415,C6,84,ff,4,0,1.0
292,contrabass_ord_E1_pp_292.wav,Contrabass,ordinario,14.217,E1,28,pp,0,3,4.0
293,contrabass_ord_F1_pp_293.wav,Contrabass,ordinario,10.806,F1,29,pp,0,3,4.0
294,contrabass_ord_F#1_pp_294.wav,Contrabass,ordinario,10.27,F#1,30,pp,0,3,4.0
295,contrabass_ord_G1_pp_295.wav,Contrabass,ordinario,9.212,G1,31,pp,0,3,4.0
296,contrabass_ord_G#1_pp_296.wav,Contrabass,ordinario,8.203,G#1,32,pp,0,3,4.0
297,contrabass_ord_A1_pp_297.wav,Contrabass,ordinario,9.542,A1,33,pp,0,2,3.0
298,contrabass_ord_A1_pp_298.wav,Contrabass,ordinario,10.981,A1,33,pp,0,3,4.0
299,contrabass_ord_A#1_pp_299.wav,Contrabass,ordinario,9.008,A#1,34,pp,0,2,3.0
300,contrabass_ord_A#1_pp_300.wav,Contrabass,ordinario,8.322,A#1,34,pp,0,3,4.0
301,contrabass_ord_B1_pp_301.wav,Contrabass,ordinario,9.162,B1,35,pp,0,2,3.0
302,contrabass_ord_B1_pp_302.wav,Contrabass,ordinario,7.599,B1,35,pp,0,3,4.0
303,contrabass_ord_C2_pp_303.wav,Contrabass,ordinario,7.189,C2,36,pp,0,2,3.0
304,contrabass_ord_C2_pp_304.wav,Contrabass,ordinario,7.046,C2,36,pp,0,3,4.0
305,contrabass_ord_C#2_pp_305.wav,Contrabass,ordinario,7.621,C#2,37,pp,0,2,3.0
306,contrabass_ord_C#2_pp_306.wav,Contrabass,ordinario,6.651,C#2,37,pp,0,3,4.0
307,contrabass_ord_D2_pp_307.wav,Contrabass,ordinario,12.054,D2,38,pp,0,1,2.0
308,contrabass_ord_D2_pp_308.wav,Contrabass,ordinario,9.223,D2,38,pp,0,2,3.0
309,contrabass_ord_D2_pp_309.wav,Contrabass,ordinario,7.113,D2,38,pp,0,3,4.0
310,contrabass_ord_D#2_pp_310.wav,Contrabass,ordinario,7.528,D#2,39,pp,0,1,2.0
311,contrabass_ord_D#2_pp_311.wav,Contrabass,ordinario,8.138,D#2,39,pp,0,2,3.0
312,contrabass_ord_D#2_pp_312.wav,Contrabass,ordinario,5.592,D#2,39,pp,0,3,4.0
313,contrabass_ord_E2_pp_313.wav,Contrabass,ordinario,8.98,E2,40,pp,0,1,2.0
314,contrabass_ord_E2_pp_314.wav,Contrabass,ordinario,7.682,E2,40,pp,0,2,3.0
315,contrabass_ord_E2_pp_315.wav,Contrabass,ordinario,7.443,E2,40,pp,0,3,4.0
316,contrabass_ord_F2_pp_316.wav,Contrabass,ordinario,7.551,F2,41,pp,0,1,2.0
317,contrabass_ord_F2_pp_317.wav,Contrabass,ordinario,6.991,F2,41,pp,0,2,3.0
318,contrabass_ord_F2_pp_318.wav,Contrabass,ordinario,6.604,F2,41,pp,0,3,4.0
319,contrabass_ord_F#2_pp_319.wav,Contrabass,ordinario,7.125,F#2,42,pp,0,1,2.0
320,contrabass_ord_F#2_pp_320.wav,Contrabass,ordinario,5.934,F#2,42,pp,0,2,3.0
321,contrabass_ord_F#2_pp_321.wav,Contrabass,ordinario,6.266,F#2,42,pp,0,3,4.0
322,contrabass_ord_G2_pp_322.wav,Contrabass,ordinario,9.231,G2,43,pp,0,0,1.0
323,contrabass_ord_G2_pp_323.wav,Contrabass,ordinario,6.926,G2,43,pp,0,1,2.0
324,contrabass_ord_G2_pp_324.wav,Contrabass,ordinario,5.836,G2,43,pp,0,2,3.0
325,contrabass_ord_G2_pp_325.wav,Contrabass,ordinario,6.166,G2,43,pp,0,3,4.0
326,contrabass_ord_G#2_pp_326.wav,Contrabass,ordinario,6.176,G#2,44,pp,0,0,1.0
327,contrabass_ord_G#2_pp_327.wav,Contrabass,ordinario,6.915,G#2,44,pp,0,1,2.0
328,contrabass_ord_G#2_pp_328.wav,Contrabass,ordinario,6.257,G#2,44,pp,0,2,3.0
329,contrabass_ord_G#2_pp_329.wav,Contrabass,ordinario,6.553,G#2,44,pp,0,3,4.0
330,contrabass_ord_A2_pp_330.wav,Contrabass,ordinario,7.751,A2,45,pp,0,0,1.0
331,contrabass_ord_A2_pp_331.wav,Contrabass,ordinario,6.376,A2,45,pp,0,1,2.0
332,contrabass_ord_A2_pp_332.wav,Contrabass,ordinario,5.236,A2,45,pp,0,2,3.0
333,contrabass_ord_A2_pp_333.wav,Contrabass,ordinario,6.118,A2,45,pp,0,3,4.0
334,contrabass_ord_A#2_pp_334.wav,Contrabass,ordinario,6.64,A#2,46,pp,0,0,1.0
335,contrabass_ord_A#2_pp_335.wav,Contrabass,ordinario,6.532,A#2,46,pp,0,1,2.0
336,contrabass_ord_A#2_pp_336.wav,Contrabass,ordinario,6.1,A#2,46,pp,0,2,3.0
337,contrabass_ord_A#2_pp_337.wav,Contrabass,ordinario,6.544,A#2,46,pp,0,3,4.0
338,contrabass_ord_B2_pp_338.wav,Contrabass,ordinario,7.48,B2,47,pp,0,0,1.0
339,contrabass_ord_B2_pp_339.wav,Contrabass,ordinario,6.942,B2,47,pp,0,1,2.0
340,contrabass_ord_B2_pp_340.wav,Contrabass,ordinario,6.474,B2,47,pp,0,2,3.0
341,contrabass_ord_B2_pp_341.wav,Contrabass,ordinario,6.634,B2,47,pp,0,3,4.0
342,contrabass_ord_C3_pp_342.wav,Contrabass,ordinario,6.306,C3,48,pp,0,0,1.0
343,contrabass_ord_C3_pp_343.wav,Contrabass,ordinario,5.2,C3,48,pp,0,1,2.0
344,contrabass_ord_C3_pp_344.wav,Contrabass,ordinario,5.43,C3,48,pp,0,2,3.0
345,contrabass_ord_C3_pp_345.wav,Contrabass,ordinario,5.719,C3,48,pp,0,3,4.0
346,contrabass_ord_C#3_pp_346.wav,Contrabass,ordinario,6.198,C#3,49,pp,0,0,1.0
347,contrabass_ord_C#3_pp_347.wav,Contrabass,ordinario,5.957,C#3,49,pp,0,1,2.0
348,contrabass_ord_C#3_pp_348.wav,Contrabass,ordinario,7.73,C#3,49,pp,0,2,3.0
349,contrabass_ord_C#3_pp_349.wav,Contrabass,ordinario,6.8,C#3,49,pp,0,3,4.0
350,contrabass_ord_D3_pp_350.wav,Contrabass,ordinario,7.036,D3,50,pp,0,0,1.0
351,contrabass_ord_D3_pp_351.wav,Contrabass,ordinario,5.951,D3,50,pp,0,1,2.0
352,contrabass_ord_D3_pp_352.wav,Contrabass,ordinario,6.103,D3,50,pp,0,2,3.0
353,contrabass_ord_D3_pp_353.wav,Contrabass,ordinario,7.588,D3,50,pp,0,3,4.0
354,contrabass_ord_D#3_pp_354.wav,Contrabass,ordinario,6.275,D#3,51,pp,0,0,1.0
355,contrabass_ord_D#3_pp_355.wav,Contrabass,ordinario,6.456,D#3,51,pp,0,1,2.0
356,contrabass_ord_D#3_pp_356.wav,Contrabass,ordinario,5.753,D#3,51,pp,0,2,3.0
357,contrabass_ord_D#3_pp_357.wav,Contrabass,ordinario,5.978,D#3,51,pp,0,3,4.0
358,contrabass_ord_E3_pp_358.wav,Contrabass,ordinario,7.641,E3,52,pp,0,0,1.0
359,contrabass_ord_E3_pp_359.wav,Contrabass,ordinario,5.731,E3,52,pp,0,1,2.0
360,contrabass_ord_E3_pp_360.wav,Contrabass,ordinario,7.074,E3,52,pp,0,2,3.0
361,contrabass_ord_F3_pp_361.wav,Contrabass,ordinario,5.618,F3,53,pp,0,0,1.0
362,contrabass_ord_F3_pp_362.wav,Contrabass,ordinario,5.623,F3,53,pp,0,1,2.0
363,contrabass_ord_F3_pp_363.wav,Contrabass,ordinario,4.592,F3,53,pp,0,2,3.0
364,contrabass_ord_F#3_pp_364.wav,Contrabass,ordinario,5.469,F#3,54,pp,0,0,1.0
365,contrabass_ord_F#3_pp_365.wav,Contrabass,ordinario,5.29,F#3,54,pp,0,1,2.0
366,contrabass_ord_F#3_pp_366.wav,Contrabass,ordinario,5.087,F#3,54,pp,0,2,3.0
367,contrabass_ord_G3_pp_367.wav,Contrabass,ordinario,5.807,G3,55,pp,0,0,1.0
368,contrabass_ord_G3_pp_368.wav,Contrabass,ordinario,5.646,G3,55,pp,0,1,2.0
369,contrabass_ord_G3_pp_369.wav,Contrabass,ordinario,4.36,G3,55,pp,0,2,3.0
370,contrabass_ord_G#3_pp_370.wav,Contrabass,ordinario,6.319,G#3,56,pp,0,0,1.0
371,contrabass_ord_G#3_pp_371.wav,Contrabass,ordinario,5.733,G#3,56,pp,0,1,2.0
372,contrabass_ord_G#3_pp_372.wav,Contrabass,ordinario,5.507,G#3,56,pp,0,2,3.0
373,contrabass_ord_A3_pp_373.wav,Contrabass,ordinario,6.009,A3,57,pp,0,0,1.0
374,contrabass_ord_A3_pp_374.wav,Contrabass,ordinario,5.71,A3,57,pp,0,1,2.0
375,contrabass_ord_A#3_pp_375.wav,Contrabass,ordinario,5.368,A#3,58,pp,0,0,1.0
376,contrabass_ord_A#3_pp_376.wav,Contrabass,ordinario,4.637,A#3,58,pp,0,1,2.0
377,contrabass_ord_B3_pp_377.wav,Contrabass,ordinario,5.926,B3,59,pp,0,0,1.0
378,contrabass_ord_B3_pp_378.wav,Contrabass,ordinario,6.199,B3,59,pp,0,1,2.0
379,contrabass_ord_C4_pp_379.wav,Contrabass,ordinario,4.699,C4,60,pp,0,0,1.0
380,contrabass_ord_C4_pp_380.wav,Contrabass,ordinario,4.839,C4,60,pp,0,1,2.0
381,contrabass_ord_C#4_pp_381.wav,Contrabass,ordinario,6.653,C#4,61,pp,0,0,1.0
382,contrabass_ord_C#4_pp_382.wav,Contrabass,ordinario,5.246,C#4,61,pp,0,1,2.0
383,contrabass_ord_D4_pp_383.wav,Contrabass,ordinario,5.539,D4,62,pp,0,0,1.0
384,contrabass_ord_D4_pp_384.wav,Contrabass,ordinario,4.653,D4,62,pp,0,1,2.0
385,contrabass_ord_D#4_pp_385.wav,Contrabass,ordinario,5.211,D#4,63,pp,0,0,1.0
386,contrabass_ord_E4_pp_386.wav,Contrabass,ordinario,5.299,E4,64,pp,0,0,1.0
387,contrabass_ord_F4_pp_387.wav,Contrabass,ordinario,4.15,F4,65,pp,0,0,1.0
388,contrabass_ord_F#4_pp_388.wav,Contrabass,ordinario,4.239,F#4,66,pp,0,0,1.0
389,contrabass_ord_G4_pp_389.wav,Contrabass,ordinario,5.027,G4,67,pp,0,0,1.0
390,contrabass_ord_G#4_pp_390.wav,Contrabass,ordinario,4.374,G#4,68,pp,0,0,1.0
391,contrabass_ord_A4_pp_391.wav,Contrabass,ordinario,4.684,A4,69,pp,0,0,1.0
392,contrabass_ord_A#4_pp_392.wav,Contrabass,ordinario,4.183,A#4,70,pp,0,0,1.0
393,contrabass_ord_B4_pp_393.wav,Contrabass,ordinario,4.483,B4,71,pp,0,0,1.0
394,contrabass_ord_C5_pp_394.wav,Contrabass,ordinario,4.235,C5,72,pp,0,0,1.0
395,contrabass_ord_E1_mf_395.wav,Contrabass,ordinario,12.135,E1,28,mf,2,3,4.0
396,contrabass_ord_F1_mf_396.wav,Contrabass,ordinario,9.968,F1,29,mf,2,3,4.0
397,contrabass_ord_F#1_mf_397.wav,Contrabass,ordinario,8.831,F#1,30,mf,2,3,4.0
398,contrabass_ord_G1_mf_398.wav,Contrabass,ordinario,8.335,G1,31,mf,2,3,4.0
399,contrabass_ord_G#1_mf_399.wav,Contrabass,ordinario,7.174,G#1,32,mf,2,3,4.0
400,contrabass_ord_A1_mf_400.wav,Contrabass,ordinario,9.588,A1,33,mf,2,2,3.0
401,contrabass_ord_A1_mf_401.wav,Contrabass,ordinario,7.506,A1,33,mf,2,3,4.0
402,contrabass_ord_A#1_mf_402.wav,Contrabass,ordinario,7.515,A#1,34,mf,2,2,3.0
403,contrabass_ord_A#1_mf_403.wav,Contrabass,ordinario,7.087,A#1,34,mf,2,3,4.0
404,contrabass_ord_B1_mf_404.wav,Contrabass,ordinario,7.093,B1,35,mf,2,2,3.0
405,contrabass_ord_B1_mf_405.wav,Contrabass,ordinario,6.919,B1,35,mf,2,3,4.0
406,contrabass_ord_C2_mf_406.wav,Contrabass,ordinario,5.495,C2,36,mf,2,2,3.0
407,contrabass_ord_C2_mf_407.wav,Contrabass,ordinario,6.341,C2,36,mf,2,3,4.0
408,contrabass_ord_C#2_mf_408.wav,Contrabass,ordinario,6.366,C#2,37,mf,2,2,3.0
409,contrabass_ord_C#2_mf_409.wav,Contrabass,ordinario,5.201,C#2,37,mf,2,3,4.0
410,contrabass_ord_D2_mf_410.wav,Contrabass,ordinario,11.242,D2,38,mf,2,1,2.0
411,contrabass_ord_D2_mf_411.wav,Contrabass,ordinario,7.519,D2,38,mf,2,2,3.0
412,contrabass_ord_D2_mf_412.wav,Contrabass,ordinario,5.386,D2,38,mf,2,3,4.0
413,contrabass_ord_D#2_mf_413.wav,Contrabass,ordinario,6.438,D#2,39,mf,2,1,2.0
414,contrabass_ord_D#2_mf_414.wav,Contrabass,ordinario,6.138,D#2,39,mf,2,2,3.0
415,contrabass_ord_D#2_mf_415.wav,Contrabass,ordinario,5.335,D#2,39,mf,2,3,4.0
416,contrabass_ord_E2_mf_416.wav,Contrabass,ordinario,7.027,E2,40,mf,2,1,2.0
417,contrabass_ord_E2_mf_417.wav,Contrabass,ordinario,6.424,E2,40,mf,2,2,3.0
418,contrabass_ord_E2_mf_418.wav,Contrabass,ordinario,5.545,E2,40,mf,2,3,4.0
419,contrabass_ord_F2_mf_419.wav,Contrabass,ordinario,5.875,F2,41,mf,2,1,2.0
420,contrabass_ord_F2_mf_420.wav,Contrabass,ordinario,6.165,F2,41,mf,2,2,3.0
421,contrabass_ord_F2_mf_421.wav,Contrabass,ordinario,5.301,F2,41,mf,2,3,4.0
422,contrabass_ord_F#2_mf_422.wav,Contrabass,ordinario,6.617,F#2,42,mf,2,1,2.0
423,contrabass_ord_F#2_mf_423.wav,Contrabass,ordinario,4.967,F#2,42,mf,2,2,3.0
424,contrabass_ord_F#2_mf_424.wav,Contrabass,ordinario,5.846,F#2,42,mf,2,3,4.0
425,contrabass_ord_G2_mf_425.wav,Contrabass,ordinario,7.993,G2,43,mf,2,0,1.0
426,contrabass_ord_G2_mf_426.wav,Contrabass,ordinario,6.894,G2,43,mf,2,1,2.0
427,contrabass_ord_G2_mf_427.wav,Contrabass,ordinario,5.31,G2,43,mf,2,2,3.0
428,contrabass_ord_G2_mf_428.wav,Contrabass,ordinario,5.518,G2,43,mf,2,3,4.0
429,contrabass_ord_G#2_mf_429.wav,Contrabass,ordinario,7.011,G#2,44,mf,2,0,1.0
430,contrabass_ord_G#2_mf_430.wav,Contrabass,ordinario,6.264,G#2,44,mf,2,1,2.0
431,contrabass_ord_G#2_mf_431.wav,Contrabass,ordinario,4.51,G#2,44,mf,2,2,3.0
432,contrabass_ord_G#2_mf_432.wav,Contrabass,ordinario,4.865,G#2,44,mf,2,3,4.0
433,contrabass_ord_A2_mf_433.wav,Contrabass,ordinario,8.033,A2,45,mf,2,0,1.0
434,contrabass_ord_A2_mf_434.wav,Contrabass,ordinario,5.405,A2,45,mf,2,1,2.0
435,contrabass_ord_A2_mf_435.wav,Contrabass,ordinario,4.882,A2,45,mf,2,2,3.0
436,contrabass_ord_A2_mf_436.wav,Contrabass,ordinario,5.447,A2,45,mf,2,3,4.0
437,contrabass_ord_A#2_mf_437.wav,Contrabass,ordinario,6.275,A#2,46,mf,2,0,1.0
438,contrabass_ord_A#2_mf_438.wav,Contrabass,ordinario,5.591,A#2,46,mf,2,1,2.0
439,contrabass_ord_A#2_mf_439.wav,Contrabass,ordinario,4.608,A#2,46,mf,2,2,3.0
440,contrabass_ord_A#2_mf_440.wav,Contrabass,ordinario,5.168,A#2,46,mf,2,3,4.0
441,contrabass_ord_B2_mf_441.wav,Contrabass,ordinario,7.299,B2,47,mf,2,0,1.0
442,contrabass_ord_B2_mf_442.wav,Contrabass,ordinario,6.122,B2,47,mf,2,1,2.0
443,contrabass_ord_B2_mf_443.wav,Contrabass,ordinario,5.67,B2,47,mf,2,2,3.0
444,contrabass_ord_B2_mf_444.wav,Contrabass,ordinario,5.391,B2,47,mf,2,3,4.0
445,contrabass_ord_C3_mf_445.wav,Contrabass,ordinario,5.77,C3,48,mf,2,0,1.0
446,contrabass_ord_C3_mf_446.wav,Contrabass,ordinario,4.586,C3,48,mf,2,1,2.0
447,contrabass_ord_C3_mf_447.wav,Contrabass,ordinario,4.87,C3,48,mf,2,2,3.0
448,contrabass_ord_C3_mf_448.wav,Contrabass,ordinario,4.299,C3,48,mf,2,3,4.0
449,contrabass_ord_C#3_mf_449.wav,Contrabass,ordinario,4.973,C#3,49,mf,2,0,1.0
450,contrabass_ord_C#3_mf_450.wav,Contrabass,ordinario,5.982,C#3,49,mf,2,1,2.0
451,contrabass_ord_C#3_mf_451.wav,Contrabass,ordinario,4.356,C#3,49,mf,2,2,3.0
452,contrabass_ord_C#3_mf_452.wav,Contrabass,ordinario,4.537,C#3,49,mf,2,3,4.0
453,contrabass_ord_D3_mf_453.wav,Contrabass,ordinario,6.444,D3,50,mf,2,0,1.0
454,contrabass_ord_D3_mf_454.wav,Contrabass,ordinario,6.209,D3,50,mf,2,1,2.0
455,contrabass_ord_D3_mf_455.wav,Contrabass,ordinario,4.47,D3,50,mf,2,2,3.0
456,contrabass_ord_D3_mf_456.wav,Contrabass,ordinario,4.88,D3,50,mf,2,3,4.0
457,contrabass_ord_D#3_mf_457.wav,Contrabass,ordinario,5.351,D#3,51,mf,2,0,1.0
458,contrabass_ord_D#3_mf_458.wav,Contrabass,ordinario,5.753,D#3,51,mf,2,1,2.0
459,contrabass_ord_D#3_mf_459.wav,Contrabass,ordinario,4.612,D#3,51,mf,2,2,3.0
460,contrabass_ord_D#3_mf_460.wav,Contrabass,ordinario,4.297,D#3,51,mf,2,3,4.0
461,contrabass_ord_E3_mf_461.wav,Contrabass,ordinario,6.129,E3,52,mf,2,0,1.0
462,contrabass_ord_E3_mf_462.wav,Contrabass,ordinario,6.076,E3,52,mf,2,1,2.0
463,contrabass_ord_E3_mf_463.wav,Contrabass,ordinario,5.067,E3,52,mf,2,2,3.0
464,contrabass_ord_F3_mf_464.wav,Contrabass,ordinario,4.645,F3,53,mf,2,0,1.0
465,contrabass_ord_F3_mf_465.wav,Contrabass,ordinario,5.137,F3,53,mf,2,1,2.0
466,contrabass_ord_F3_mf_466.wav,Contrabass,ordinario,4.104,F3,53,mf,2,2,3.0
467,contrabass_ord_F#3_mf_467.wav,Contrabass,ordinario,4.367,F#3,54,mf,2,0,1.0
468,contrabass_ord_F#3_mf_468.wav,Contrabass,ordinario,4.084,F#3,54,mf,2,1,2.0
469,contrabass_ord_F#3_mf_469.wav,Contrabass,ordinario,4.196,F#3,54,mf,2,2,3.0
470,contrabass_ord_G3_mf_470.wav,Contrabass,ordinario,4.386,G3,55,mf,2,0,1.0
471,contrabass_ord_G3_mf_471.wav,Contrabass,ordinario,6.185,G3,55,mf,2,1,2.0
472,contrabass_ord_G3_mf_472.wav,Contrabass,ordinario,4.846,G3,55,mf,2,2,3.0
473,contrabass_ord_G#3_mf_473.wav,Contrabass,ordinario,5.412,G#3,56,mf,2,0,1.0
474,contrabass_ord_G#3_mf_474.wav,Contrabass,ordinario,4.619,G#3,56,mf,2,1,2.0
475,contrabass_ord_G#3_mf_475.wav,Contrabass,ordinario,4.232,G#3,56,mf,2,2,3.0
476,contrabass_ord_A3_mf_476.wav,Contrabass,ordinario,6.167,A3,57,mf,2,0,1.0
477,contrabass_ord_A3_mf_477.wav,Contrabass,ordinario,4.552,A3,57,mf,2,1,2.0
478,contrabass_ord_A#3_mf_478.wav,Contrabass,ordinario,5.006,A#3,58,mf,2,0,1.0
479,contrabass_ord_A#3_mf_479.wav,Contrabass,ordinario,4.221,A#3,58,mf,2,1,2.0
480,contrabass_ord_B3_mf_480.wav,Contrabass,ordinario,4.785,B3,59,mf,2,0,1.0
481,contrabass_ord_B3_mf_481.wav,Contrabass,ordinario,5.907,B3,59,mf,2,1,2.0
482,contrabass_ord_C4_mf_482.wav,Contrabass,ordinario,4.518,C4,60,mf,2,0,1.0
483,contrabass_ord_C4_mf_483.wav,Contrabass,ordinario,4.343,C4,60,mf,2,1,2.0
484,contrabass_ord_C#4_mf_484.wav,Contrabass,ordinario,4.337,C#4,61,mf,2,0,1.0
485,contrabass_ord_C#4_mf_485.wav,Contrabass,ordinario,5.027,C#4,61,mf,2,1,2.0
486,contrabass_ord_D4_mf_486.wav,Contrabass,ordinario,4.49,D4,62,mf,2,0,1.0
487,contrabass_ord_D4_mf_487.wav,Contrabass,ordinario,3.616,D4,62,mf,2,1,2.0
488,contrabass_ord_D#4_mf_488.wav,Contrabass,ordinario,4.391,D#4,63,mf,2,0,1.0
489,contrabass_ord_E4_mf_489.wav,Contrabass,ordinario,4.113,E4,64,mf,2,0,1.0
490,contrabass_ord_F4_mf_490.wav,Contrabass,ordinario,3.67,F4,65,mf,2,0,1.0
491,contrabass_ord_F#4_mf_491.wav,Contrabass,ordinario,4.25,F#4,66,mf,2,0,1.0
492,contrabass_ord_G4_mf_492.wav,Contrabass,ordinario,4.39,G4,67,mf,2,0,1.0
493,contrabass_ord_G#4_mf_493.wav,Contrabass,ordinario,4.003,G#4,68,mf,2,0,1.0
494,contrabass_ord_A4_mf_494.wav,Contrabass,ordinario,3.614,A4,69,mf,2,0,1.0
495,contrabass_ord_A#4_mf_495.wav,Contrabass,ordinario,3.833,A#4,70,mf,2,0,1.0
496,contrabass_ord_B4_mf_496.wav,Contrabass,ordinario,3.685,B4,71,mf,2,0,1.0
497,contrabass_ord_C5_mf_497.wav,Contrabass,ordinario,3.35,C5,72,mf,2,0,1.0
498,contrabass_ord_E1_ff_498.wav,Contrabass,ordinario,10.987,E1,28,ff,4,3,4.0
499,contrabass_ord_F1_ff_499.wav,Contrabass,ordinario,9.013,F1,29,ff,4,3,4.0
500,contrabass_ord_F#1_ff_500.wav,Contrabass,ordinario,7.712,F#1,30,ff,4,3,4.0
501,contrabass_ord_G1_ff_501.wav,Contrabass,ordinario,5.515,G1,31,ff,4,3,4.0
502,contrabass_ord_G#1_ff_502.wav,Contrabass,ordinario,6.043,G#1,32,ff,4,3,4.0
503,contrabass_ord_A1_ff_503.wav,Contrabass,ordinario,9.949,A1,33,ff,4,2,3.0
504,contrabass_ord_A1_ff_504.wav,Contrabass,ordinario,7.247,A1,33,ff,4,3,4.0
505,contrabass_ord_A#1_ff_505.wav,Contrabass,ordinario,6.378,A#1,34,ff,4,2,3.0
506,contrabass_ord_A#1_ff_506.wav,Contrabass,ordinario,6.312,A#1,34,ff,4,3,4.0
507,contrabass_ord_B1_ff_507.wav,Contrabass,ordinario,7.049,B1,35,ff,4,2,3.0
508,contrabass_ord_B1_ff_508.wav,Contrabass,ordinario,6.816,B1,35,ff,4,3,4.0
509,contrabass_ord_C2_ff_509.wav,Contrabass,ordinario,5.573,C2,36,ff,4,2,3.0
510,contrabass_ord_C2_ff_510.wav,Contrabass,ordinario,5.493,C2,36,ff,4,3,4.0
511,contrabass_ord_C#2_ff_511.wav,Contrabass,ordinario,4.939,C#2,37,ff,4,2,3.0
512,contrabass_ord_C#2_ff_512.wav,Contrabass,ordinario,4.914,C#2,37,ff,4,3,4.0
513,contrabass_ord_D2_ff_513.wav,Contrabass,ordinario,10.818,D2,38,ff,4,1,2.0
514,contrabass_ord_D2_ff_514.wav,Contrabass,ordinario,6.723,D2,38,ff,4,2,3.0
515,contrabass_ord_D2_ff_515.wav,Contrabass,ordinario,4.847,D2,38,ff,4,3,4.0
516,contrabass_ord_D#2_ff_516.wav,Contrabass,ordinario,5.466,D#2,39,ff,4,1,2.0
517,contrabass_ord_D#2_ff_517.wav,Contrabass,ordinario,4.942,D#2,39,ff,4,2,3.0
518,contrabass_ord_D#2_ff_518.wav,Contrabass,ordinario,4.491,D#2,39,ff,4,3,4.0
519,contrabass_ord_E2_ff_519.wav,Contrabass,ordinario,7.712,E2,40,ff,4,1,2.0
520,contrabass_ord_E2_ff_520.wav,Contrabass,ordinario,5.369,E2,40,ff,4,2,3.0
521,contrabass_ord_E2_ff_521.wav,Contrabass,ordinario,4.55,E2,40,ff,4,3,4.0
522,contrabass_ord_F2_ff_522.wav,Contrabass,ordinario,5.535,F2,41,ff,4,1,2.0
523,contrabass_ord_F2_ff_523.wav,Contrabass,ordinario,5.361,F2,41,ff,4,2,3.0
524,contrabass_ord_F2_ff_524.wav,Contrabass,ordinario,5.092,F2,41,ff,4,3,4.0
525,contrabass_ord_F#2_ff_525.wav,Contrabass,ordinario,6.083,F#2,42,ff,4,1,2.0
526,contrabass_ord_F#2_ff_526.wav,Contrabass,ordinario,4.34,F#2,42,ff,4,2,3.0
527,contrabass_ord_F#2_ff_527.wav,Contrabass,ordinario,5.188,F#2,42,ff,4,3,4.0
528,contrabass_ord_G2_ff_528.wav,Contrabass,ordinario,8.842,G2,43,ff,4,0,1.0
529,contrabass_ord_G2_ff_529.wav,Contrabass,ordinario,7.248,G2,43,ff,4,1,2.0
530,contrabass_ord_G2_ff_530.wav,Contrabass,ordinario,6.716,G2,43,ff,4,2,3.0
531,contrabass_ord_G2_ff_531.wav,Contrabass,ordinario,6.217,G2,43,ff,4,3,4.0
532,contrabass_ord_G#2_ff_532.wav,Contrabass,ordinario,6.203,G#2,44,ff,4,0,1.0
533,contrabass_ord_G#2_ff_533.wav,Contrabass,ordinario,5.038,G#2,44,ff,4,1,2.0
534,contrabass_ord_G#2_ff_534.wav,Contrabass,ordinario,4.327,G#2,44,ff,4,2,3.0
535,contrabass_ord_G#2_ff_535.wav,Contrabass,ordinario,4.059,G#2,44,ff,4,3,4.0
536,contrabass_ord_A2_ff_536.wav,Contrabass,ordinario,4.804,A2,45,ff,4,0,1.0
537,contrabass_ord_A2_ff_537.wav,Contrabass,ordinario,5.236,A2,45,ff,4,1,2.0
538,contrabass_ord_A2_ff_538.wav,Contrabass,ordinario,4.7,A2,45,ff,4,2,3.0
539,contrabass_ord_A2_ff_539.wav,Contrabass,ordinario,4.473,A2,45,ff,4,3,4.0
540,contrabass_ord_A#2_ff_540.wav,Contrabass,ordinario,4.534,A#2,46,ff,4,0,1.0
541,contrabass_ord_A#2_ff_541.wav,Contrabass,ordinario,4.787,A#2,46,ff,4,1,2.0
542,contrabass_ord_A#2_ff_542.wav,Contrabass,ordinario,3.694,A#2,46,ff,4,2,3.0
543,contrabass_ord_A#2_ff_543.wav,Contrabass,ordinario,4.155,A#2,46,ff,4,3,4.0
544,contrabass_ord_B2_ff_544.wav,Contrabass,ordinario,5.634,B2,47,ff,4,0,1.0
545,contrabass_ord_B2_ff_545.wav,Contrabass,ordinario,3.661,B2,47,ff,4,1,2.0
546,contrabass_ord_B2_ff_546.wav,Contrabass,ordinario,5.071,B2,47,ff,4,2,3.0
547,contrabass_ord_B2_ff_547.wav,Contrabass,ordinario,5.096,B2,47,ff,4,3,4.0
548,contrabass_ord_C3_ff_548.wav,Contrabass,ordinario,4.497,C3,48,ff,4,0,1.0
549,contrabass_ord_C3_ff_549.wav,Contrabass,ordinario,4.067,C3,48,ff,4,1,2.0
550,contrabass_ord_C3_ff_550.wav,Contrabass,ordinario,4.687,C3,48,ff,4,2,3.0
551,contrabass_ord_C3_ff_551.wav,Contrabass,ordinario,3.926,C3,48,ff,4,3,4.0
552,contrabass_ord_C#3_ff_552.wav,Contrabass,ordinario,4.051,C#3,49,ff,4,0,1.0
553,contrabass_ord_C#3_ff_553.wav,Contrabass,ordinario,4.549,C#3,49,ff,4,1,2.0
554,contrabass_ord_C#3_ff_554.wav,Contrabass,ordinario,4.129,C#3,49,ff,4,2,3.0
555,contrabass_ord_C#3_ff_555.wav,Contrabass,ordinario,3.911,C#3,49,ff,4,3,4.0
556,contrabass_ord_D3_ff_556.wav,Contrabass,ordinario,5.46,D3,50,ff,4,0,1.0
557,contrabass_ord_D3_ff_557.wav,Contrabass,ordinario,4.76,D3,50,ff,4,1,2.0
558,contrabass_ord_D3_ff_558.wav,Contrabass,ordinario,6.918,D3,50,ff,4,2,3.0
559,contrabass_ord_D3_ff_559.wav,Contrabass,ordinario,5.004,D3,50,ff,4,3,4.0
560,contrabass_ord_D#3_ff_560.wav,Contrabass,ordinario,4.48,D#3,51,ff,4,0,1.0
561,contrabass_ord_D#3_ff_561.wav,Contrabass,ordinario,4.346,D#3,51,ff,4,1,2.0
562,contrabass_ord_D#3_ff_562.wav,Contrabass,ordinario,3.97,D#3,51,ff,4,2,3.0
563,contrabass_ord_D#3_ff_563.wav,Contrabass,ordinario,3.612,D#3,51,ff,4,3,4.0
564,contrabass_ord_E3_ff_564.wav,Contrabass,ordinario,4.656,E3,52,ff,4,0,1.0
565,contrabass_ord_E3_ff_565.wav,Contrabass,ordinario,5.228,E3,52,ff,4,1,2.0
566,contrabass_ord_E3_ff_566.wav,Contrabass,ordinario,5.463,E3,52,ff,4,2,3.0
567,contrabass_ord_F3_ff_567.wav,Contrabass,ordinario,4.027,F3,53,ff,4,0,1.0
568,contrabass_ord_F3_ff_568.wav,Contrabass,ordinario,3.38,F3,53,ff,4,1,2.0
569,contrabass_ord_F3_ff_569.wav,Contrabass,ordinario,3.739,F3,53,ff,4,2,3.0
570,contrabass_ord_F#3_ff_570.wav,Contrabass,ordinario,3.075,F#3,54,ff,4,0,1.0
571,contrabass_ord_F#3_ff_571.wav,Contrabass,ordinario,3.691,F#3,54,ff,4,1,2.0
572,contrabass_ord_F#3_ff_572.wav,Contrabass,ordinario,3.706,F#3,54,ff,4,2,3.0
573,contrabass_ord_G3_ff_573.wav,Contrabass,ordinario,3.165,G3,55,ff,4,0,1.0
574,contrabass_ord_G3_ff_574.wav,Contrabass,ordinario,3.796,G3,55,ff,4,1,2.0
575,contrabass_ord_G3_ff_575.wav,Contrabass,ordinario,4.485,G3,55,ff,4,2,3.0
576,contrabass_ord_G#3_ff_576.wav,Contrabass,ordinario,3.789,G#3,56,ff,4,0,1.0
577,contrabass_ord_G#3_ff_577.wav,Contrabass,ordinario,3.055,G#3,56,ff,4,1,2.0
578,contrabass_ord_G#3_ff_578.wav,Contrabass,ordinario,3.094,G#3,56,ff,4,2,3.0
579,contrabass_ord_A3_ff_579.wav,Contrabass,ordinario,4.932,A3,57,ff,4,0,1.0
580,contrabass_ord_A3_ff_580.wav,Contrabass,ordinario,5.498,A3,57,ff,4,1,2.0
581,contrabass_ord_A#3_ff_581.wav,Contrabass,ordinario,3.858,A#3,58,ff,4,0,1.0
582,contrabass_ord_A#3_ff_582.wav,Contrabass,ordinario,3.495,A#3,58,ff,4,1,2.0
583,contrabass_ord_B3_ff_583.wav,Contrabass,ordinario,4.109,B3,59,ff,4,0,1.0
584,contrabass_ord_B3_ff_584.wav,Contrabass,ordinario,4.193,B3,59,ff,4,1,2.0
585,contrabass_ord_C4_ff_585.wav,Contrabass,ordinario,3.362,C4,60,ff,4,0,1.0
586,contrabass_ord_C4_ff_586.wav,Contrabass,ordinario,3.429,C4,60,ff,4,1,2.0
587,contrabass_ord_C#4_ff_587.wav,Contrabass,ordinario,3.75,C#4,61,ff,4,0,1.0
588,contrabass_ord_C#4_ff_588.wav,Contrabass,ordinario,3.37,C#4,61,ff,4,1,2.0
589,contrabass_ord_D4_ff_589.wav,Contrabass,ordinario,4.122,D4,62,ff,4,0,1.0
590,contrabass_ord_D4_ff_590.wav,Contrabass,ordinario,3.016,D4,62,ff,4,1,2.0
591,contrabass_ord_D#4_ff_591.wav,Contrabass,ordinario,3.22,D#4,63,ff,4,0,1.0
592,contrabass_ord_E4_ff_592.wav,Contrabass,ordinario,3.36,E4,64,ff,4,0,1.0
593,contrabass_ord_F4_ff_593.wav,Contrabass,ordinario,3.05,F4,65,ff,4,0,1.0
594,contrabass_ord_F#4_ff_594.wav,Contrabass,ordinario,3.56,F#4,66,ff,4,0,1.0
595,contrabass_ord_G4_ff_595.wav,Contrabass,ordinario,2.982,G4,67,ff,4,0,1.0
596,contrabass_ord_G#4_ff_596.wav,Contrabass,ordinario,2.627,G#4,68,ff,4,0,1.0
597,contrabass_ord_A4_ff_597.wav,Contrabass,ordinario,3.377,A4,69,ff,4,0,1.0
598,contrabass_ord_A#4_ff_598.wav,Contrabass,ordinario,2.949,A#4,70,ff,4,0,1.0
599,contrabass_ord_B4_ff_599.wav,Contrabass,ordinario,3.131,B4,71,ff,4,0,1.0
600,contrabass_ord_C5_ff_600.wav,Contrabass,ordinario,2.775,C5,72,ff,4,0,1.0
601,viola_ord_C3_pp_601.wav,Viola,ordinario,8.045,C3,48,pp,0,3,4.0
602,viola_ord_C#3_pp_602.wav,Viola,ordinario,7.123,C#3,49,pp,0,3,4.0
603,viola_ord_D3_pp_603.wav,Viola,ordinario,7.523,D3,50,pp,0,3,4.0
604,viola_ord_D#3_pp_604.wav,Viola,ordinario,7.082,D#3,51,pp,0,3,4.0
605,viola_ord_E3_pp_605.wav,Viola,ordinario,7.259,E3,52,pp,0,3,4.0
606,viola_ord_F3_pp_606.wav,Viola,ordinario,7.08,F3,53,pp,0,3,4.0
607,viola_ord_F#3_pp_607.wav,Viola,ordinario,6.884,F#3,54,pp,0,3,4.0
608,viola_ord_G3_pp_608.wav,Viola,ordinario,8.51,G3,55,pp,0,2,3.0
609,viola_ord_G3_pp_609.wav,Viola,ordinario,8.05,G3,55,pp,0,3,4.0
610,viola_ord_G#3_pp_610.wav,Viola,ordinario,8.009,G#3,56,pp,0,2,3.0
611,viola_ord_G#3_pp_611.wav,Viola,ordinario,7.554,G#3,56,pp,0,3,4.0
612,viola_ord_A3_pp_612.wav,Viola,ordinario,7.147,A3,57,pp,0,2,3.0
613,viola_ord_A3_pp_613.wav,Viola,ordinario,7.37,A3,57,pp,0,3,4.0
614,viola_ord_A#3_pp_614.wav,Viola,ordinario,7.291,A#3,58,pp,0,2,3.0
615,viola_ord_A#3_pp_615.wav,Viola,ordinario,7.919,A#3,58,pp,0,3,4.0
616,viola_ord_B3_pp_616.wav,Viola,ordinario,7.243,B3,59,pp,0,2,3.0
617,viola_ord_B3_pp_617.wav,Viola,ordinario,7.052,B3,59,pp,0,3,4.0
618,viola_ord_C4_pp_618.wav,Viola,ordinario,7.422,C4,60,pp,0,2,3.0
619,viola_ord_C4_pp_619.wav,Viola,ordinario,7.126,C4,60,pp,0,3,4.0
620,viola_ord_C#4_pp_620.wav,Viola,ordinario,8.019,C#4,61,pp,0,2,3.0
621,viola_ord_C#4_pp_621.wav,Viola,ordinario,7.263,C#4,61,pp,0,3,4.0
622,viola_ord_D4_pp_622.wav,Viola,ordinario,10.598,D4,62,pp,0,1,2.0
623,viola_ord_D4_pp_623.wav,Viola,ordinario,7.526,D4,62,pp,0,2,3.0
624,viola_ord_D4_pp_624.wav,Viola,ordinario,7.205,D4,62,pp,0,3,4.0
625,viola_ord_D#4_pp_625.wav,Viola,ordinario,7.335,D#4,63,pp,0,1,2.0
626,viola_ord_D#4_pp_626.wav,Viola,ordinario,7.359,D#4,63,pp,0,2,3.0
627,viola_ord_D#4_pp_627.wav,Viola,ordinario,6.912,D#4,63,pp,0,3,4.0
628,viola_ord_E4_pp_628.wav,Viola,ordinario,7.315,E4,64,pp,0,1,2.0
629,viola_ord_E4_pp_629.wav,Viola,ordinario,7.66,E4,64,pp,0,2,3.0
630,viola_ord_E4_pp_630.wav,Viola,ordinario,7.057,E4,64,pp,0,3,4.0
631,viola_ord_F4_pp_631.wav,Viola,ordinario,7.404,F4,65,pp,0,1,2.0
632,viola_ord_F4_pp_632.wav,Viola,ordinario,7.49,F4,65,pp,0,2,3.0
633,viola_ord_F4_pp_633.wav,Viola,ordinario,7.27,F4,65,pp,0,3,4.0
634,viola_ord_F#4_pp_634.wav,Viola,ordinario,6.725,F#4,66,pp,0,1,2.0
635,viola_ord_F#4_pp_635.wav,Viola,ordinario,6.813,F#4,66,pp,0,2,3.0
636,viola_ord_F#4_pp_636.wav,Viola,ordinario,7.597,F#4,66,pp,0,3,4.0
637,viola_ord_G4_pp_637.wav,Viola,ordinario,8.312,G4,67,pp,0,1,2.0
638,viola_ord_G4_pp_638.wav,Viola,ordinario,6.971,G4,67,pp,0,2,3.0
639,viola_ord_G4_pp_639.wav,Viola,ordinario,7.63,G4,67,pp,0,3,4.0
640,viola_ord_G#4_pp_640.wav,Viola,ordinario,7.44,G#4,68,pp,0,1,2.0
641,viola_ord_G#4_pp_641.wav,Viola,ordinario,6.956,G#4,68,pp,0,2,3.0
642,viola_ord_G#4_pp_642.wav,Viola,ordinario,7.274,G#4,68,pp,0,3,4.0
643,viola_ord_A4_pp_643.wav,Viola,ordinario,7.864,A4,69,pp,0,0,1.0
644,viola_ord_A4_pp_644.wav,Viola,ordinario,7.652,A4,69,pp,0,1,2.0
645,viola_ord_A4_pp_645.wav,Viola,ordinario,7.275,A4,69,pp,0,2,3.0
646,viola_ord_A4_pp_646.wav,Viola,ordinario,7.393,A4,69,pp,0,3,4.0
647,viola_ord_A#4_pp_647.wav,Viola,ordinario,7.273,A#4,70,pp,0,0,1.0
648,viola_ord_A#4_pp_648.wav,Viola,ordinario,7.164,A#4,70,pp,0,1,2.0
649,viola_ord_A#4_pp_649.wav,Viola,ordinario,7.104,A#4,70,pp,0,2,3.0
650,viola_ord_A#4_pp_650.wav,Viola,ordinario,7.434,A#4,70,pp,0,3,4.0
651,viola_ord_B4_pp_651.wav,Viola,ordinario,7.275,B4,71,pp,0,0,1.0
652,viola_ord_B4_pp_652.wav,Viola,ordinario,7.273,B4,71,pp,0,1,2.0
653,viola_ord_B4_pp_653.wav,Viola,ordinario,7.791,B4,71,pp,0,2,3.0
654,viola_ord_B4_pp_654.wav,Viola,ordinario,8.057,B4,71,pp,0,3,4.0
655,viola_ord_C5_pp_655.wav,Viola,ordinario,7.464,C5,72,pp,0,0,1.0
656,viola_ord_C5_pp_656.wav,Viola,ordinario,7.132,C5,72,pp,0,1,2.0
657,viola_ord_C5_pp_657.wav,Viola,ordinario,7.56,C5,72,pp,0,2,3.0
658,viola_ord_C5_pp_658.wav,Viola,ordinario,7.012,C5,72,pp,0,3,4.0
659,viola_ord_C#5_pp_659.wav,Viola,ordinario,7.616,C#5,73,pp,0,0,1.0
660,viola_ord_C#5_pp_660.wav,Viola,ordinario,6.775,C#5,73,pp,0,1,2.0
661,viola_ord_C#5_pp_661.wav,Viola,ordinario,7.823,C#5,73,pp,0,2,3.0
662,viola_ord_D5_pp_662.wav,Viola,ordinario,7.071,D5,74,pp,0,0,1.0
663,viola_ord_D5_pp_663.wav,Viola,ordinario,7.38,D5,74,pp,0,1,2.0
664,viola_ord_D5_pp_664.wav,Viola,ordinario,6.999,D5,74,pp,0,2,3.0
665,viola_ord_D#5_pp_665.wav,Viola,ordinario,6.883,D#5,75,pp,0,0,1.0
666,viola_ord_D#5_pp_666.wav,Viola,ordinario,6.686,D#5,75,pp,0,1,2.0
667,viola_ord_D#5_pp_667.wav,Viola,ordinario,7.234,D#5,75,pp,0,2,3.0
668,viola_ord_E5_pp_668.wav,Viola,ordinario,7.716,E5,76,pp,0,0,1.0
669,viola_ord_E5_pp_669.wav,Viola,ordinario,7.122,E5,76,pp,0,1,2.0
670,viola_ord_E5_pp_670.wav,Viola,ordinario,6.861,E5,76,pp,0,2,3.0
671,viola_ord_F5_pp_671.wav,Viola,ordinario,7.154,F5,77,pp,0,0,1.0
672,viola_ord_F5_pp_672.wav,Viola,ordinario,7.35,F5,77,pp,0,1,2.0
673,viola_ord_F5_pp_673.wav,Viola,ordinario,7.859,F5,77,pp,0,2,3.0
674,viola_ord_F#5_pp_674.wav,Viola,ordinario,7.102,F#5,78,pp,0,0,1.0
675,viola_ord_F#5_pp_675.wav,Viola,ordinario,6.938,F#5,78,pp,0,1,2.0
676,viola_ord_F#5_pp_676.wav,Viola,ordinario,7.351,F#5,78,pp,0,2,3.0
677,viola_ord_G5_pp_677.wav,Viola,ordinario,7.373,G5,79,pp,0,0,1.0
678,viola_ord_G5_pp_678.wav,Viola,ordinario,7.345,G5,79,pp,0,1,2.0
679,viola_ord_G5_pp_679.wav,Viola,ordinario,7.362,G5,79,pp,0,2,3.0
680,viola_ord_G#5_pp_680.wav,Viola,ordinario,7.184,G#5,80,pp,0,0,1.0
681,viola_ord_G#5_pp_681.wav,Viola,ordinario,7.38,G#5,80,pp,0,1,2.0
682,viola_ord_A5_pp_682.wav,Viola,ordinario,7.277,A5,81,pp,0,0,1.0
683,viola_ord_A5_pp_683.wav,Viola,ordinario,7.153,A5,81,pp,0,1,2.0
684,viola_ord_A#5_pp_684.wav,Viola,ordinario,7.335,A#5,82,pp,0,0,1.0
685,viola_ord_A#5_pp_685.wav,Viola,ordinario,7.303,A#5,82,pp,0,1,2.0
686,viola_ord_B5_pp_686.wav,Viola,ordinario,7.154,B5,83,pp,0,0,1.0
687,viola_ord_B5_pp_687.wav,Viola,ordinario,6.779,B5,83,pp,0,1,2.0
688,viola_ord_C6_pp_688.wav,Viola,ordinario,7.035,C6,84,pp,0,0,1.0
689,viola_ord_C6_pp_689.wav,Viola,ordinario,7.353,C6,84,pp,0,1,2.0
690,viola_ord_C#6_pp_690.wav,Viola,ordinario,7.951,C#6,85,pp,0,0,1.0
691,viola_ord_C#6_pp_691.wav,Viola,ordinario,6.753,C#6,85,pp,0,1,2.0
692,viola_ord_D6_pp_692.wav,Viola,ordinario,7.37,D6,86,pp,0,0,1.0
693,viola_ord_D6_pp_693.wav,Viola,ordinario,7.688,D6,86,pp,0,1,2.0
694,viola_ord_D#6_pp_694.wav,Viola,ordinario,6.812,D#6,87,pp,0,0,1.0
695,viola_ord_E6_pp_695.wav,Viola,ordinario,7.678,E6,88,pp,0,0,1.0
696,viola_ord_F6_pp_696.wav,Viola,ordinario,7.24,F6,89,pp,0,0,1.0
697,viola_ord_F#6_pp_697.wav,Viola,ordinario,7.452,F#6,90,pp,0,0,1.0
698,viola_ord_G6_pp_698.wav,Viola,ordinario,7.234,G6,91,pp,0,0,1.0
699,viola_ord_G#6_pp_699.wav,Viola,ordinario,6.909,G#6,92,pp,0,0,1.0
700,viola_ord_A6_pp_700.wav,Viola,ordinario,7.281,A6,93,pp,0,0,1.0
701,viola_ord_A#6_pp_701.wav,Viola,ordinario,6.772,A#6,94,pp,0,0,1.0
702,viola_ord_B6_pp_702.wav,Viola,ordinario,7.232,B6,95,pp,0,0,1.0
703,viola_ord_C7_pp_703.wav,Viola,ordinario,7.081,C7,96,pp,0,0,1.0
704,viola_ord_C3_mf_704.wav,Viola,ordinario,8.087,C3,48,mf,2,3,4.0
705,viola_ord_C#3_mf_705.wav,Viola,ordinario,6.667,C#3,49,mf,2,3,4.0
706,viola_ord_D3_mf_706.wav,Viola,ordinario,7.599,D3,50,mf,2,3,4.0
707,viola_ord_D#3_mf_707.wav,Viola,ordinario,7.176,D#3,51,mf,2,3,4.0
708,viola_ord_E3_mf_708.wav,Viola,ordinario,7.333,E3,52,mf,2,3,4.0
709,viola_ord_F3_mf_709.wav,Viola,ordinario,7.2,F3,53,mf,2,3,4.0
710,viola_ord_F#3_mf_710.wav,Viola,ordinario,7.559,F#3,54,mf,2,3,4.0
711,viola_ord_G3_mf_711.wav,Viola,ordinario,9.29,G3,55,mf,2,2,3.0
712,viola_ord_G3_mf_712.wav,Viola,ordinario,7.49,G3,55,mf,2,3,4.0
713,viola_ord_G#3_mf_713.wav,Viola,ordinario,7.511,G#3,56,mf,2,2,3.0
714,viola_ord_G#3_mf_714.wav,Viola,ordinario,6.916,G#3,56,mf,2,3,4.0
715,viola_ord_A3_mf_715.wav,Viola,ordinario,8.069,A3,57,mf,2,2,3.0
716,viola_ord_A3_mf_716.wav,Viola,ordinario,7.211,A3,57,mf,2,3,4.0
717,viola_ord_A#3_mf_717.wav,Viola,ordinario,7.616,A#3,58,mf,2,2,3.0
718,viola_ord_A#3_mf_718.wav,Viola,ordinario,7.379,A#3,58,mf,2,3,4.0
719,viola_ord_B3_mf_719.wav,Viola,ordinario,7.479,B3,59,mf,2,2,3.0
720,viola_ord_B3_mf_720.wav,Viola,ordinario,7.09,B3,59,mf,2,3,4.0
721,viola_ord_C4_mf_721.wav,Viola,ordinario,7.555,C4,60,mf,2,2,3.0
722,viola_ord_C4_mf_722.wav,Viola,ordinario,7.035,C4,60,mf,2,3,4.0
723,viola_ord_C#4_mf_723.wav,Viola,ordinario,7.263,C#4,61,mf,2,2,3.0
724,viola_ord_C#4_mf_724.wav,Viola,ordinario,7.498,C#4,61,mf,2,3,4.0
725,viola_ord_D4_mf_725.wav,Viola,ordinario,9.505,D4,62,mf,2,1,2.0
726,viola_ord_D4_mf_726.wav,Viola,ordinario,7.307,D4,62,mf,2,2,3.0
727,viola_ord_D4_mf_727.wav,Viola,ordinario,8.028,D4,62,mf,2,3,4.0
728,viola_ord_D#4_mf_728.wav,Viola,ordinario,7.343,D#4,63,mf,2,1,2.0
729,viola_ord_D#4_mf_729.wav,Viola,ordinario,7.507,D#4,63,mf,2,2,3.0
730,viola_ord_D#4_mf_730.wav,Viola,ordinario,7.738,D#4,63,mf,2,3,4.0
731,viola_ord_E4_mf_731.wav,Viola,ordinario,7.216,E4,64,mf,2,1,2.0
732,viola_ord_E4_mf_732.wav,Viola,ordinario,7.571,E4,64,mf,2,2,3.0
733,viola_ord_E4_mf_733.wav,Viola,ordinario,7.014,E4,64,mf,2,3,4.0
734,viola_ord_F4_mf_734.wav,Viola,ordinario,7.676,F4,65,mf,2,1,2.0
735,viola_ord_F4_mf_735.wav,Viola,ordinario,7.481,F4,65,mf,2,2,3.0
736,viola_ord_F4_mf_736.wav,Viola,ordinario,7.208,F4,65,mf,2,3,4.0
737,viola_ord_F#4_mf_737.wav,Viola,ordinario,6.906,F#4,66,mf,2,1,2.0
738,viola_ord_F#4_mf_738.wav,Viola,ordinario,7.384,F#4,66,mf,2,2,3.0
739,viola_ord_F#4_mf_739.wav,Viola,ordinario,7.0,F#4,66,mf,2,3,4.0
740,viola_ord_G4_mf_740.wav,Viola,ordinario,7.957,G4,67,mf,2,1,2.0
741,viola_ord_G4_mf_741.wav,Viola,ordinario,7.099,G4,67,mf,2,2,3.0
742,viola_ord_G4_mf_742.wav,Viola,ordinario,7.673,G4,67,mf,2,3,4.0
743,viola_ord_G#4_mf_743.wav,Viola,ordinario,7.479,G#4,68,mf,2,1,2.0
744,viola_ord_G#4_mf_744.wav,Viola,ordinario,7.676,G#4,68,mf,2,2,3.0
745,viola_ord_G#4_mf_745.wav,Viola,ordinario,7.267,G#4,68,mf,2,3,4.0
746,viola_ord_A4_mf_746.wav,Viola,ordinario,7.975,A4,69,mf,2,0,1.0
747,viola_ord_A4_mf_747.wav,Viola,ordinario,7.551,A4,69,mf,2,1,2.0
748,viola_ord_A4_mf_748.wav,Viola,ordinario,7.52,A4,69,mf,2,2,3.0
749,viola_ord_A4_mf_749.wav,Viola,ordinario,7.651,A4,69,mf,2,3,4.0
750,viola_ord_A#4_mf_750.wav,Viola,ordinario,8.118,A#4,70,mf,2,0,1.0
751,viola_ord_A#4_mf_751.wav,Viola,ordinario,7.515,A#4,70,mf,2,1,2.0
752,viola_ord_A#4_mf_752.wav,Viola,ordinario,7.479,A#4,70,mf,2,2,3.0
753,viola_ord_A#4_mf_753.wav,Viola,ordinario,7.933,A#4,70,mf,2,3,4.0
754,viola_ord_B4_mf_754.wav,Viola,ordinario,7.919,B4,71,mf,2,0,1.0
755,viola_ord_B4_mf_755.wav,Viola,ordinario,7.243,B4,71,mf,2,1,2.0
756,viola_ord_B4_mf_756.wav,Viola,ordinario,7.883,B4,71,mf,2,2,3.0
757,viola_ord_B4_mf_757.wav,Viola,ordinario,7.526,B4,71,mf,2,3,4.0
758,viola_ord_C5_mf_758.wav,Viola,ordinario,7.053,C5,72,mf,2,0,1.0
759,viola_ord_C5_mf_759.wav,Viola,ordinario,7.753,C5,72,mf,2,1,2.0
760,viola_ord_C5_mf_760.wav,Viola,ordinario,8.018,C5,72,mf,2,2,3.0
761,viola_ord_C5_mf_761.wav,Viola,ordinario,7.264,C5,72,mf,2,3,4.0
762,viola_ord_C#5_mf_762.wav,Viola,ordinario,7.894,C#5,73,mf,2,0,1.0
763,viola_ord_C#5_mf_763.wav,Viola,ordinario,7.344,C#5,73,mf,2,1,2.0
764,viola_ord_C#5_mf_764.wav,Viola,ordinario,7.927,C#5,73,mf,2,2,3.0
765,viola_ord_D5_mf_765.wav,Viola,ordinario,7.945,D5,74,mf,2,0,1.0
766,viola_ord_D5_mf_766.wav,Viola,ordinario,8.005,D5,74,mf,2,1,2.0
767,viola_ord_D5_mf_767.wav,Viola,ordinario,8.164,D5,74,mf,2,2,3.0
768,viola_ord_D#5_mf_768.wav,Viola,ordinario,6.784,D#5,75,mf,2,0,1.0
769,viola_ord_D#5_mf_769.wav,Viola,ordinario,6.979,D#5,75,mf,2,1,2.0
770,viola_ord_D#5_mf_770.wav,Viola,ordinario,7.112,D#5,75,mf,2,2,3.0
771,viola_ord_E5_mf_771.wav,Viola,ordinario,7.53,E5,76,mf,2,0,1.0
772,viola_ord_E5_mf_772.wav,Viola,ordinario,7.501,E5,76,mf,2,1,2.0
773,viola_ord_E5_mf_773.wav,Viola,ordinario,7.813,E5,76,mf,2,2,3.0
774,viola_ord_F5_mf_774.wav,Viola,ordinario,7.772,F5,77,mf,2,0,1.0
775,viola_ord_F5_mf_775.wav,Viola,ordinario,7.145,F5,77,mf,2,1,2.0
776,viola_ord_F5_mf_776.wav,Viola,ordinario,8.051,F5,77,mf,2,2,3.0
777,viola_ord_F#5_mf_777.wav,Viola,ordinario,7.426,F#5,78,mf,2,0,1.0
778,viola_ord_F#5_mf_778.wav,Viola,ordinario,7.119,F#5,78,mf,2,1,2.0
779,viola_ord_F#5_mf_779.wav,Viola,ordinario,7.343,F#5,78,mf,2,2,3.0
780,viola_ord_G5_mf_780.wav,Viola,ordinario,7.668,G5,79,mf,2,0,1.0
781,viola_ord_G5_mf_781.wav,Viola,ordinario,7.435,G5,79,mf,2,1,2.0
782,viola_ord_G5_mf_782.wav,Viola,ordinario,8.271,G5,79,mf,2,2,3.0
783,viola_ord_G#5_mf_783.wav,Viola,ordinario,7.368,G#5,80,mf,2,0,1.0
784,viola_ord_G#5_mf_784.wav,Viola,ordinario,7.185,G#5,80,mf,2,1,2.0
785,viola_ord_A5_mf_785.wav,Viola,ordinario,7.575,A5,81,mf,2,0,1.0
786,viola_ord_A5_mf_786.wav,Viola,ordinario,7.216,A5,81,mf,2,1,2.0
787,viola_ord_A#5_mf_787.wav,Viola,ordinario,7.617,A#5,82,mf,2,0,1.0
788,viola_ord_A#5_mf_788.wav,Viola,ordinario,7.056,A#5,82,mf,2,1,2.0
789,viola_ord_B5_mf_789.wav,Viola,ordinario,7.795,B5,83,mf,2,0,1.0
790,viola_ord_B5_mf_790.wav,Viola,ordinario,7.467,B5,83,mf,2,1,2.0
791,viola_ord_C6_mf_791.wav,Viola,ordinario,7.659,C6,84,mf,2,0,1.0
792,viola_ord_C6_mf_792.wav,Viola,ordinario,7.178,C6,84,mf,2,1,2.0
793,viola_ord_C#6_mf_793.wav,Viola,ordinario,7.678,C#6,85,mf,2,0,1.0
794,viola_ord_C#6_mf_794.wav,Viola,ordinario,6.609,C#6,85,mf,2,1,2.0
795,viola_ord_D6_mf_795.wav,Viola,ordinario,7.581,D6,86,mf,2,0,1.0
796,viola_ord_D6_mf_796.wav,Viola,ordinario,7.043,D6,86,mf,2,1,2.0
797,viola_ord_D#6_mf_797.wav,Viola,ordinario,7.224,D#6,87,mf,2,0,1.0
798,viola_ord_E6_mf_798.wav,Viola,ordinario,7.438,E6,88,mf,2,0,1.0
799,viola_ord_F6_mf_799.wav,Viola,ordinario,7.106,F6,89,mf,2,0,1.0
800,viola_ord_F#6_mf_800.wav,Viola,ordinario,7.18,F#6,90,mf,2,0,1.0
801,viola_ord_G6_mf_801.wav,Viola,ordinario,7.177,G6,91,mf,2,0,1.0
802,viola_ord_G#6_mf_802.wav,Viola,ordinario,6.676,G#6,92,mf,2,0,1.0
803,viola_ord_A6_mf_803.wav,Viola,ordinario,7.51,A6,93,mf,2,0,1.0
804,viola_ord_A#6_mf_804.wav,Viola,ordinario,7.204,A#6,94,mf,2,0,1.0
805,viola_ord_B6_mf_805.wav,Viola,ordinario,7.676,B6,95,mf,2,0,1.0
806,viola_ord_C7_mf_806.wav,Viola,ordinario,7.031,C7,96,mf,2,0,1.0
807,viola_ord_C3_ff_807.wav,Viola,ordinario,8.434,C3,48,ff,4,3,4.0
808,viola_ord_C#3_ff_808.wav,Viola,ordinario,7.453,C#3,49,ff,4,3,4.0
809,viola_ord_D3_ff_809.wav,Viola,ordinario,8.068,D3,50,ff,4,3,4.0
810,viola_ord_D#3_ff_810.wav,Viola,ordinario,8.279,D#3,51,ff,4,3,4.0
811,viola_ord_E3_ff_811.wav,Viola,ordinario,7.638,E3,52,ff,4,3,4.0
812,viola_ord_F3_ff_812.wav,Viola,ordinario,7.21,F3,53,ff,4,3,4.0
813,viola_ord_F#3_ff_813.wav,Viola,ordinario,7.919,F#3,54,ff,4,3,4.0
814,viola_ord_G3_ff_814.wav,Viola,ordinario,9.785,G3,55,ff,4,2,3.0
815,viola_ord_G3_ff_815.wav,Viola,ordinario,7.763,G3,55,ff,4,3,4.0
816,viola_ord_G#3_ff_816.wav,Viola,ordinario,8.619,G#3,56,ff,4,2,3.0
817,viola_ord_G#3_ff_817.wav,Viola,ordinario,7.091,G#3,56,ff,4,3,4.0
818,viola_ord_A3_ff_818.wav,Viola,ordinario,8.392,A3,57,ff,4,2,3.0
819,viola_ord_A3_ff_819.wav,Viola,ordinario,7.708,A3,57,ff,4,3,4.0
820,viola_ord_A#3_ff_820.wav,Viola,ordinario,8.547,A#3,58,ff,4,2,3.0
821,viola_ord_A#3_ff_821.wav,Viola,ordinario,7.341,A#3,58,ff,4,3,4.0
822,viola_ord_B3_ff_822.wav,Viola,ordinario,8.134,B3,59,ff,4,2,3.0
823,viola_ord_B3_ff_823.wav,Viola,ordinario,7.255,B3,59,ff,4,3,4.0
824,viola_ord_C4_ff_824.wav,Viola,ordinario,8.706,C4,60,ff,4,2,3.0
825,viola_ord_C4_ff_825.wav,Viola,ordinario,6.669,C4,60,ff,4,3,4.0
826,viola_ord_C#4_ff_826.wav,Viola,ordinario,8.641,C#4,61,ff,4,2,3.0
827,viola_ord_C#4_ff_827.wav,Viola,ordinario,6.987,C#4,61,ff,4,3,4.0
828,viola_ord_D4_ff_828.wav,Viola,ordinario,9.032,D4,62,ff,4,1,2.0
829,viola_ord_D4_ff_829.wav,Viola,ordinario,7.955,D4,62,ff,4,2,3.0
830,viola_ord_D4_ff_830.wav,Viola,ordinario,8.048,D4,62,ff,4,3,4.0
831,viola_ord_D#4_ff_831.wav,Viola,ordinario,7.712,D#4,63,ff,4,1,2.0
832,viola_ord_D#4_ff_832.wav,Viola,ordinario,8.199,D#4,63,ff,4,2,3.0
833,viola_ord_D#4_ff_833.wav,Viola,ordinario,8.161,D#4,63,ff,4,3,4.0
834,viola_ord_E4_ff_834.wav,Viola,ordinario,7.644,E4,64,ff,4,1,2.0
835,viola_ord_E4_ff_835.wav,Viola,ordinario,7.768,E4,64,ff,4,2,3.0
836,viola_ord_E4_ff_836.wav,Viola,ordinario,7.353,E4,64,ff,4,3,4.0
837,viola_ord_F4_ff_837.wav,Viola,ordinario,7.925,F4,65,ff,4,1,2.0
838,viola_ord_F4_ff_838.wav,Viola,ordinario,7.81,F4,65,ff,4,2,3.0
839,viola_ord_F4_ff_839.wav,Viola,ordinario,7.537,F4,65,ff,4,3,4.0
840,viola_ord_F#4_ff_840.wav,Viola,ordinario,7.582,F#4,66,ff,4,1,2.0
841,viola_ord_F#4_ff_841.wav,Viola,ordinario,8.241,F#4,66,ff,4,2,3.0
842,viola_ord_F#4_ff_842.wav,Viola,ordinario,7.132,F#4,66,ff,4,3,4.0
843,viola_ord_G4_ff_843.wav,Viola,ordinario,7.961,G4,67,ff,4,1,2.0
844,viola_ord_G4_ff_844.wav,Viola,ordinario,7.963,G4,67,ff,4,2,3.0
845,viola_ord_G4_ff_845.wav,Viola,ordinario,7.809,G4,67,ff,4,3,4.0
846,viola_ord_G#4_ff_846.wav,Viola,ordinario,7.289,G#4,68,ff,4,1,2.0
847,viola_ord_G#4_ff_847.wav,Viola,ordinario,8.263,G#4,68,ff,4,2,3.0
848,viola_ord_G#4_ff_848.wav,Viola,ordinario,7.039,G#4,68,ff,4,3,4.0
849,viola_ord_A4_ff_849.wav,Viola,ordinario,8.052,A4,69,ff,4,0,1.0
850,viola_ord_A4_ff_850.wav,Viola,ordinario,7.715,A4,69,ff,4,1,2.0
851,viola_ord_A4_ff_851.wav,Viola,ordinario,8.081,A4,69,ff,4,2,3.0
852,viola_ord_A4_ff_852.wav,Viola,ordinario,7.894,A4,69,ff,4,3,4.0
853,viola_ord_A#4_ff_853.wav,Viola,ordinario,7.779,A#4,70,ff,4,0,1.0
854,viola_ord_A#4_ff_854.wav,Viola,ordinario,7.264,A#4,70,ff,4,1,2.0
855,viola_ord_A#4_ff_855.wav,Viola,ordinario,7.628,A#4,70,ff,4,2,3.0
856,viola_ord_A#4_ff_856.wav,Viola,ordinario,7.717,A#4,70,ff,4,3,4.0
857,viola_ord_B4_ff_857.wav,Viola,ordinario,7.459,B4,71,ff,4,0,1.0
858,viola_ord_B4_ff_858.wav,Viola,ordinario,7.551,B4,71,ff,4,1,2.0
859,viola_ord_B4_ff_859.wav,Viola,ordinario,8.139,B4,71,ff,4,2,3.0
860,viola_ord_B4_ff_860.wav,Viola,ordinario,7.223,B4,71,ff,4,3,4.0
861,viola_ord_C5_ff_861.wav,Viola,ordinario,7.643,C5,72,ff,4,0,1.0
862,viola_ord_C5_ff_862.wav,Viola,ordinario,7.692,C5,72,ff,4,1,2.0
863,viola_ord_C5_ff_863.wav,Viola,ordinario,7.915,C5,72,ff,4,2,3.0
864,viola_ord_C5_ff_864.wav,Viola,ordinario,7.464,C5,72,ff,4,3,4.0
865,viola_ord_C#5_ff_865.wav,Viola,ordinario,7.214,C#5,73,ff,4,0,1.0
866,viola_ord_C#5_ff_866.wav,Viola,ordinario,7.057,C#5,73,ff,4,1,2.0
867,viola_ord_C#5_ff_867.wav,Viola,ordinario,7.803,C#5,73,ff,4,2,3.0
868,viola_ord_D5_ff_868.wav,Viola,ordinario,7.567,D5,74,ff,4,0,1.0
869,viola_ord_D5_ff_869.wav,Viola,ordinario,7.857,D5,74,ff,4,1,2.0
870,viola_ord_D5_ff_870.wav,Viola,ordinario,8.123,D5,74,ff,4,2,3.0
871,viola_ord_D#5_ff_871.wav,Viola,ordinario,7.32,D#5,75,ff,4,0,1.0
872,viola_ord_D#5_ff_872.wav,Viola,ordinario,7.268,D#5,75,ff,4,1,2.0
873,viola_ord_D#5_ff_873.wav,Viola,ordinario,7.987,D#5,75,ff,4,2,3.0
874,viola_ord_E5_ff_874.wav,Viola,ordinario,7.577,E5,76,ff,4,0,1.0
875,viola_ord_E5_ff_875.wav,Viola,ordinario,7.475,E5,76,ff,4,1,2.0
876,viola_ord_E5_ff_876.wav,Viola,ordinario,7.611,E5,76,ff,4,2,3.0
877,viola_ord_F5_ff_877.wav,Viola,ordinario,7.975,F5,77,ff,4,0,1.0
878,viola_ord_F5_ff_878.wav,Viola,ordinario,6.903,F5,77,ff,4,1,2.0
879,viola_ord_F5_ff_879.wav,Viola,ordinario,7.947,F5,77,ff,4,2,3.0
880,viola_ord_F#5_ff_880.wav,Viola,ordinario,7.21,F#5,78,ff,4,0,1.0
881,viola_ord_F#5_ff_881.wav,Viola,ordinario,7.914,F#5,78,ff,4,1,2.0
882,viola_ord_F#5_ff_882.wav,Viola,ordinario,7.56,F#5,78,ff,4,2,3.0
883,viola_ord_G5_ff_883.wav,Viola,ordinario,7.808,G5,79,ff,4,0,1.0
884,viola_ord_G5_ff_884.wav,Viola,ordinario,6.953,G5,79,ff,4,1,2.0
885,viola_ord_G5_ff_885.wav,Viola,ordinario,8.057,G5,79,ff,4,2,3.0
886,viola_ord_G#5_ff_886.wav,Viola,ordinario,7.16,G#5,80,ff,4,0,1.0
887,viola_ord_G#5_ff_887.wav,Viola,ordinario,7.137,G#5,80,ff,4,1,2.0
888,viola_ord_A5_ff_888.wav,Viola,ordinario,7.25,A5,81,ff,4,0,1.0
889,viola_ord_A5_ff_889.wav,Viola,ordinario,7.015,A5,81,ff,4,1,2.0
890,viola_ord_A#5_ff_890.wav,Viola,ordinario,7.899,A#5,82,ff,4,0,1.0
891,viola_ord_A#5_ff_891.wav,Viola,ordinario,7.735,A#5,82,ff,4,1,2.0
892,viola_ord_B5_ff_892.wav,Viola,ordinario,7.504,B5,83,ff,4,0,1.0
893,viola_ord_B5_ff_893.wav,Viola,ordinario,7.186,B5,83,ff,4,1,2.0
894,viola_ord_C6_ff_894.wav,Viola,ordinario,7.314,C6,84,ff,4,0,1.0
895,viola_ord_C6_ff_895.wav,Viola,ordinario,7.576,C6,84,ff,4,1,2.0
896,viola_ord_C#6_ff_896.wav,Viola,ordinario,7.253,C#6,85,ff,4,0,1.0
897,viola_ord_C#6_ff_897.wav,Viola,ordinario,6.826,C#6,85,ff,4,1,2.0
898,viola_ord_D6_ff_898.wav,Viola,ordinario,7.477,D6,86,ff,4,0,1.0
899,viola_ord_D6_ff_899.wav,Viola,ordinario,6.768,D6,86,ff,4,1,2.0
900,viola_ord_D#6_ff_900.wav,Viola,ordinario,7.259,D#6,87,ff,4,0,1.0
901,viola_ord_E6_ff_901.wav,Viola,ordinario,7.115,E6,88,ff,4,0,1.0
902,viola_ord_F6_ff_902.wav,Viola,ordinario,7.193,F6,89,ff,4,0,1.0
903,viola_ord_F#6_ff_903.wav,Viola,ordinario,7.649,F#6,90,ff,4,0,1.0
904,viola_ord_G6_ff_904.wav,Viola,ordinario,7.414,G6,91,ff,4,0,1.0
905,viola_ord_G#6_ff_905.wav,Viola,ordinario,7.222,G#6,92,ff,4,0,1.0
906,viola_ord_A6_ff_906.wav,Viola,ordinario,8.264,A6,93,ff,4,0,1.0
907,viola_ord_A#6_ff_907.wav,Viola,ordinario,7.407,A#6,94,ff,4,0,1.0
908,viola_ord_B6_ff_908.wav,Viola,ordinario,7.865,B6,95,ff,4,0,1.0
909,viola_ord_C7_ff_909.wav,Viola,ordinario,7.126,C7,96,ff,4,0,1.0
910,violin_ord_G3_pp_910.wav,Violin,ordinario,9.182,G3,55,pp,0,3,4.0
911,violin_ord_G#3_pp_911.wav,Violin,ordinario,7.881,G#3,56,pp,0,3,4.0
912,violin_ord_A3_pp_912.wav,Violin,ordinario,8.046,A3,57,pp,0,3,4.0
913,violin_ord_A#3_pp_913.wav,Violin,ordinario,7.451,A#3,58,pp,0,3,4.0
914,violin_ord_B3_pp_914.wav,Violin,ordinario,7.165,B3,59,pp,0,3,4.0
915,violin_ord_C4_pp_915.wav,Violin,ordinario,7.274,C4,60,pp,0,3,4.0
916,violin_ord_C#4_pp_916.wav,Violin,ordinario,7.141,C#4,61,pp,0,3,4.0
917,violin_ord_D4_pp_917.wav,Violin,ordinario,7.8,D4,62,pp,0,2,3.0
918,violin_ord_D4_pp_918.wav,Violin,ordinario,8.238,D4,62,pp,0,3,4.0
919,violin_ord_D#4_pp_919.wav,Violin,ordinario,8.088,D#4,63,pp,0,2,3.0
920,violin_ord_D#4_pp_920.wav,Violin,ordinario,7.588,D#4,63,pp,0,3,4.0
921,violin_ord_E4_pp_921.wav,Violin,ordinario,8.13,E4,64,pp,0,2,3.0
922,violin_ord_E4_pp_922.wav,Violin,ordinario,7.799,E4,64,pp,0,3,4.0
923,violin_ord_F4_pp_923.wav,Violin,ordinario,7.715,F4,65,pp,0,2,3.0
924,violin_ord_F4_pp_924.wav,Violin,ordinario,7.366,F4,65,pp,0,3,4.0
925,violin_ord_F#4_pp_925.wav,Violin,ordinario,7.921,F#4,66,pp,0,2,3.0
926,violin_ord_F#4_pp_926.wav,Violin,ordinario,7.929,F#4,66,pp,0,3,4.0
927,violin_ord_G4_pp_927.wav,Violin,ordinario,7.596,G4,67,pp,0,2,3.0
928,violin_ord_G4_pp_928.wav,Violin,ordinario,7.96,G4,67,pp,0,3,4.0
929,violin_ord_G#4_pp_929.wav,Violin,ordinario,8.137,G#4,68,pp,0,2,3.0
930,violin_ord_G#4_pp_930.wav,Violin,ordinario,7.51,G#4,68,pp,0,3,4.0
931,violin_ord_A4_pp_931.wav,Violin,ordinario,7.474,A4,69,pp,0,1,2.0
932,violin_ord_A4_pp_932.wav,Violin,ordinario,7.359,A4,69,pp,0,2,3.0
933,violin_ord_A4_pp_933.wav,Violin,ordinario,8.775,A4,69,pp,0,3,4.0
934,violin_ord_A#4_pp_934.wav,Violin,ordinario,7.425,A#4,70,pp,0,1,2.0
935,violin_ord_A#4_pp_935.wav,Violin,ordinario,8.16,A#4,70,pp,0,2,3.0
936,violin_ord_A#4_pp_936.wav,Violin,ordinario,8.157,A#4,70,pp,0,3,4.0
937,violin_ord_B4_pp_937.wav,Violin,ordinario,7.962,B4,71,pp,0,1,2.0
938,violin_ord_B4_pp_938.wav,Violin,ordinario,7.403,B4,71,pp,0,2,3.0
939,violin_ord_B4_pp_939.wav,Violin,ordinario,8.027,B4,71,pp,0,3,4.0
940,violin_ord_C5_pp_940.wav,Violin,ordinario,7.624,C5,72,pp,0,1,2.0
941,violin_ord_C5_pp_941.wav,Violin,ordinario,7.002,C5,72,pp,0,2,3.0
942,violin_ord_C5_pp_942.wav,Violin,ordinario,7.359,C5,72,pp,0,3,4.0
943,violin_ord_C#5_pp_943.wav,Violin,ordinario,7.857,C#5,73,pp,0,1,2.0
944,violin_ord_C#5_pp_944.wav,Violin,ordinario,7.171,C#5,73,pp,0,2,3.0
945,violin_ord_C#5_pp_945.wav,Violin,ordinario,6.847,C#5,73,pp,0,3,4.0
946,violin_ord_D5_pp_946.wav,Violin,ordinario,8.444,D5,74,pp,0,1,2.0
947,violin_ord_D5_pp_947.wav,Violin,ordinario,8.176,D5,74,pp,0,2,3.0
948,violin_ord_D5_pp_948.wav,Violin,ordinario,7.228,D5,74,pp,0,3,4.0
949,violin_ord_D#5_pp_949.wav,Violin,ordinario,7.301,D#5,75,pp,0,1,2.0
950,violin_ord_D#5_pp_950.wav,Violin,ordinario,7.461,D#5,75,pp,0,2,3.0
951,violin_ord_D#5_pp_951.wav,Violin,ordinario,7.121,D#5,75,pp,0,3,4.0
952,violin_ord_E5_pp_952.wav,Violin,ordinario,8.159,E5,76,pp,0,0,1.0
953,violin_ord_E5_pp_953.wav,Violin,ordinario,7.447,E5,76,pp,0,1,2.0
954,violin_ord_E5_pp_954.wav,Violin,ordinario,7.073,E5,76,pp,0,2,3.0
955,violin_ord_E5_pp_955.wav,Violin,ordinario,8.191,E5,76,pp,0,3,4.0
956,violin_ord_F5_pp_956.wav,Violin,ordinario,7.336,F5,77,pp,0,0,1.0
957,violin_ord_F5_pp_957.wav,Violin,ordinario,7.631,F5,77,pp,0,1,2.0
958,violin_ord_F5_pp_958.wav,Violin,ordinario,8.604,F5,77,pp,0,2,3.0
959,violin_ord_F#5_pp_959.wav,Violin,ordinario,6.721,F#5,78,pp,0,0,1.0
960,violin_ord_F#5_pp_960.wav,Violin,ordinario,7.124,F#5,78,pp,0,1,2.0
961,violin_ord_F#5_pp_961.wav,Violin,ordinario,7.513,F#5,78,pp,0,2,3.0
962,violin_ord_G5_pp_962.wav,Violin,ordinario,7.575,G5,79,pp,0,0,1.0
963,violin_ord_G5_pp_963.wav,Violin,ordinario,7.794,G5,79,pp,0,1,2.0
964,violin_ord_G5_pp_964.wav,Violin,ordinario,8.078,G5,79,pp,0,2,3.0
965,violin_ord_G#5_pp_965.wav,Violin,ordinario,7.505,G#5,80,pp,0,0,1.0
966,violin_ord_G#5_pp_966.wav,Violin,ordinario,7.839,G#5,80,pp,0,1,2.0
967,violin_ord_G#5_pp_967.wav,Violin,ordinario,7.736,G#5,80,pp,0,2,3.0
968,violin_ord_A5_pp_968.wav,Violin,ordinario,7.926,A5,81,pp,0,0,1.0
969,violin_ord_A5_pp_969.wav,Violin,ordinario,6.754,A5,81,pp,0,1,2.0
970,violin_ord_A5_pp_970.wav,Violin,ordinario,7.471,A5,81,pp,0,2,3.0
971,violin_ord_A#5_pp_971.wav,Violin,ordinario,7.283,A#5,82,pp,0,0,1.0
972,violin_ord_A#5_pp_972.wav,Violin,ordinario,7.314,A#5,82,pp,0,1,2.0
973,violin_ord_A#5_pp_973.wav,Violin,ordinario,7.62,A#5,82,pp,0,2,3.0
974,violin_ord_B5_pp_974.wav,Violin,ordinario,7.937,B5,83,pp,0,0,1.0
975,violin_ord_B5_pp_975.wav,Violin,ordinario,7.169,B5,83,pp,0,1,2.0
976,violin_ord_B5_pp_976.wav,Violin,ordinario,7.812,B5,83,pp,0,2,3.0
977,violin_ord_C6_pp_977.wav,Violin,ordinario,7.433,C6,84,pp,0,0,1.0
978,violin_ord_C6_pp_978.wav,Violin,ordinario,6.841,C6,84,pp,0,1,2.0
979,violin_ord_C6_pp_979.wav,Violin,ordinario,7.544,C6,84,pp,0,2,3.0
980,violin_ord_C#6_pp_980.wav,Violin,ordinario,7.052,C#6,85,pp,0,0,1.0
981,violin_ord_C#6_pp_981.wav,Violin,ordinario,6.722,C#6,85,pp,0,1,2.0
982,violin_ord_D6_pp_982.wav,Violin,ordinario,8.282,D6,86,pp,0,0,1.0
983,violin_ord_D6_pp_983.wav,Violin,ordinario,7.381,D6,86,pp,0,1,2.0
984,violin_ord_D#6_pp_984.wav,Violin,ordinario,7.675,D#6,87,pp,0,0,1.0
985,violin_ord_D#6_pp_985.wav,Violin,ordinario,7.756,D#6,87,pp,0,1,2.0
986,violin_ord_E6_pp_986.wav,Violin,ordinario,7.252,E6,88,pp,0,0,1.0
987,violin_ord_E6_pp_987.wav,Violin,ordinario,7.495,E6,88,pp,0,1,2.0
988,violin_ord_F6_pp_988.wav,Violin,ordinario,7.563,F6,89,pp,0,0,1.0
989,violin_ord_F6_pp_989.wav,Violin,ordinario,7.282,F6,89,pp,0,1,2.0
990,violin_ord_F#6_pp_990.wav,Violin,ordinario,8.112,F#6,90,pp,0,0,1.0
991,violin_ord_F#6_pp_991.wav,Violin,ordinario,7.194,F#6,90,pp,0,1,2.0
992,violin_ord_G6_pp_992.wav,Violin,ordinario,7.611,G6,91,pp,0,0,1.0
993,violin_ord_G6_pp_993.wav,Violin,ordinario,6.84,G6,91,pp,0,1,2.0
994,violin_ord_G#6_pp_994.wav,Violin,ordinario,7.706,G#6,92,pp,0,0,1.0
995,violin_ord_G#6_pp_995.wav,Violin,ordinario,7.242,G#6,92,pp,0,1,2.0
996,violin_ord_A6_pp_996.wav,Violin,ordinario,7.287,A6,93,pp,0,0,1.0
997,violin_ord_A6_pp_997.wav,Violin,ordinario,6.867,A6,93,pp,0,1,2.0
998,violin_ord_A#6_pp_998.wav,Violin,ordinario,7.773,A#6,94,pp,0,0,1.0
999,violin_ord_B6_pp_999.wav,Violin,ordinario,6.588,B6,95,pp,0,0,1.0
1000,violin_ord_C7_pp_1000.wav,Violin,ordinario,7.059,C7,96,pp,0,0,1.0
1001,violin_ord_C#7_pp_1001.wav,Violin,ordinario,7.961,C#7,97,pp,0,0,1.0
1002,violin_ord_D7_pp_1002.wav,Violin,ordinario,6.566,D7,98,pp,0,0,1.0
1003,violin_ord_D#7_pp_1003.wav,Violin,ordinario,6.695,D#7,99,pp,0,0,1.0
1004,violin_ord_E7_pp_1004.wav,Violin,ordinario,7.399,E7,100,pp,0,0,1.0
1005,violin_ord_G3_mf_1005.wav,Violin,ordinario,8.472,G3,55,mf,2,3,4.0
1006,violin_ord_G#3_mf_1006.wav,Violin,ordinario,8.026,G#3,56,mf,2,3,4.0
1007,violin_ord_A3_mf_1007.wav,Violin,ordinario,7.918,A3,57,mf,2,3,4.0
1008,violin_ord_A#3_mf_1008.wav,Violin,ordinario,8.25,A#3,58,mf,2,3,4.0
1009,violin_ord_B3_mf_1009.wav,Violin,ordinario,8.539,B3,59,mf,2,3,4.0
1010,violin_ord_C4_mf_1010.wav,Violin,ordinario,7.333,C4,60,mf,2,3,4.0
1011,violin_ord_C#4_mf_1011.wav,Violin,ordinario,7.624,C#4,61,mf,2,3,4.0
1012,violin_ord_D4_mf_1012.wav,Violin,ordinario,8.842,D4,62,mf,2,2,3.0
1013,violin_ord_D4_mf_1013.wav,Violin,ordinario,8.551,D4,62,mf,2,3,4.0
1014,violin_ord_D#4_mf_1014.wav,Violin,ordinario,8.555,D#4,63,mf,2,2,3.0
1015,violin_ord_D#4_mf_1015.wav,Violin,ordinario,7.484,D#4,63,mf,2,3,4.0
1016,violin_ord_E4_mf_1016.wav,Violin,ordinario,7.869,E4,64,mf,2,2,3.0
1017,violin_ord_E4_mf_1017.wav,Violin,ordinario,7.742,E4,64,mf,2,3,4.0
1018,violin_ord_F4_mf_1018.wav,Violin,ordinario,8.399,F4,65,mf,2,2,3.0
1019,violin_ord_F4_mf_1019.wav,Violin,ordinario,7.351,F4,65,mf,2,3,4.0
1020,violin_ord_F#4_mf_1020.wav,Violin,ordinario,9.167,F#4,66,mf,2,2,3.0
1021,violin_ord_F#4_mf_1021.wav,Violin,ordinario,8.074,F#4,66,mf,2,3,4.0
1022,violin_ord_G4_mf_1022.wav,Violin,ordinario,8.414,G4,67,mf,2,2,3.0
1023,violin_ord_G4_mf_1023.wav,Violin,ordinario,8.015,G4,67,mf,2,3,4.0
1024,violin_ord_G#4_mf_1024.wav,Violin,ordinario,8.865,G#4,68,mf,2,2,3.0
1025,violin_ord_G#4_mf_1025.wav,Violin,ordinario,8.484,G#4,68,mf,2,3,4.0
1026,violin_ord_A4_mf_1026.wav,Violin,ordinario,7.976,A4,69,mf,2,1,2.0
1027,violin_ord_A4_mf_1027.wav,Violin,ordinario,7.687,A4,69,mf,2,2,3.0
1028,violin_ord_A4_mf_1028.wav,Violin,ordinario,8.818,A4,69,mf,2,3,4.0
1029,violin_ord_A#4_mf_1029.wav,Violin,ordinario,8.013,A#4,70,mf,2,1,2.0
1030,violin_ord_A#4_mf_1030.wav,Violin,ordinario,7.887,A#4,70,mf,2,2,3.0
1031,violin_ord_A#4_mf_1031.wav,Violin,ordinario,8.102,A#4,70,mf,2,3,4.0
1032,violin_ord_B4_mf_1032.wav,Violin,ordinario,7.837,B4,71,mf,2,1,2.0
1033,violin_ord_B4_mf_1033.wav,Violin,ordinario,8.24,B4,71,mf,2,2,3.0
1034,violin_ord_B4_mf_1034.wav,Violin,ordinario,8.16,B4,71,mf,2,3,4.0
1035,violin_ord_C5_mf_1035.wav,Violin,ordinario,7.935,C5,72,mf,2,1,2.0
1036,violin_ord_C5_mf_1036.wav,Violin,ordinario,7.873,C5,72,mf,2,2,3.0
1037,violin_ord_C5_mf_1037.wav,Violin,ordinario,7.075,C5,72,mf,2,3,4.0
1038,violin_ord_C#5_mf_1038.wav,Violin,ordinario,7.062,C#5,73,mf,2,1,2.0
1039,violin_ord_C#5_mf_1039.wav,Violin,ordinario,7.324,C#5,73,mf,2,2,3.0
1040,violin_ord_C#5_mf_1040.wav,Violin,ordinario,6.99,C#5,73,mf,2,3,4.0
1041,violin_ord_D5_mf_1041.wav,Violin,ordinario,8.636,D5,74,mf,2,1,2.0
1042,violin_ord_D5_mf_1042.wav,Violin,ordinario,7.536,D5,74,mf,2,2,3.0
1043,violin_ord_D5_mf_1043.wav,Violin,ordinario,8.203,D5,74,mf,2,3,4.0
1044,violin_ord_D#5_mf_1044.wav,Violin,ordinario,8.339,D#5,75,mf,2,1,2.0
1045,violin_ord_D#5_mf_1045.wav,Violin,ordinario,7.722,D#5,75,mf,2,2,3.0
1046,violin_ord_D#5_mf_1046.wav,Violin,ordinario,7.401,D#5,75,mf,2,3,4.0
1047,violin_ord_E5_mf_1047.wav,Violin,ordinario,8.242,E5,76,mf,2,0,1.0
1048,violin_ord_E5_mf_1048.wav,Violin,ordinario,7.327,E5,76,mf,2,1,2.0
1049,violin_ord_E5_mf_1049.wav,Violin,ordinario,8.459,E5,76,mf,2,2,3.0
1050,violin_ord_E5_mf_1050.wav,Violin,ordinario,7.575,E5,76,mf,2,3,4.0
1051,violin_ord_F5_mf_1051.wav,Violin,ordinario,7.876,F5,77,mf,2,0,1.0
1052,violin_ord_F5_mf_1052.wav,Violin,ordinario,8.108,F5,77,mf,2,1,2.0
1053,violin_ord_F5_mf_1053.wav,Violin,ordinario,7.778,F5,77,mf,2,2,3.0
1054,violin_ord_F#5_mf_1054.wav,Violin,ordinario,7.214,F#5,78,mf,2,0,1.0
1055,violin_ord_F#5_mf_1055.wav,Violin,ordinario,7.937,F#5,78,mf,2,1,2.0
1056,violin_ord_F#5_mf_1056.wav,Violin,ordinario,7.614,F#5,78,mf,2,2,3.0
1057,violin_ord_G5_mf_1057.wav,Violin,ordinario,8.208,G5,79,mf,2,0,1.0
1058,violin_ord_G5_mf_1058.wav,Violin,ordinario,9.181,G5,79,mf,2,1,2.0
1059,violin_ord_G5_mf_1059.wav,Violin,ordinario,7.939,G5,79,mf,2,2,3.0
1060,violin_ord_G#5_mf_1060.wav,Violin,ordinario,7.636,G#5,80,mf,2,0,1.0
1061,violin_ord_G#5_mf_1061.wav,Violin,ordinario,8.215,G#5,80,mf,2,1,2.0
1062,violin_ord_G#5_mf_1062.wav,Violin,ordinario,7.857,G#5,80,mf,2,2,3.0
1063,violin_ord_A5_mf_1063.wav,Violin,ordinario,8.536,A5,81,mf,2,0,1.0
1064,violin_ord_A5_mf_1064.wav,Violin,ordinario,7.928,A5,81,mf,2,1,2.0
1065,violin_ord_A5_mf_1065.wav,Violin,ordinario,7.465,A5,81,mf,2,2,3.0
1066,violin_ord_A#5_mf_1066.wav,Violin,ordinario,7.758,A#5,82,mf,2,0,1.0
1067,violin_ord_A#5_mf_1067.wav,Violin,ordinario,7.431,A#5,82,mf,2,1,2.0
1068,violin_ord_A#5_mf_1068.wav,Violin,ordinario,7.489,A#5,82,mf,2,2,3.0
1069,violin_ord_B5_mf_1069.wav,Violin,ordinario,6.847,B5,83,mf,2,0,1.0
1070,violin_ord_B5_mf_1070.wav,Violin,ordinario,7.652,B5,83,mf,2,1,2.0
1071,violin_ord_B5_mf_1071.wav,Violin,ordinario,7.588,B5,83,mf,2,2,3.0
1072,violin_ord_C6_mf_1072.wav,Violin,ordinario,7.701,C6,84,mf,2,0,1.0
1073,violin_ord_C6_mf_1073.wav,Violin,ordinario,7.438,C6,84,mf,2,1,2.0
1074,violin_ord_C6_mf_1074.wav,Violin,ordinario,7.253,C6,84,mf,2,2,3.0
1075,violin_ord_C#6_mf_1075.wav,Violin,ordinario,8.017,C#6,85,mf,2,0,1.0
1076,violin_ord_C#6_mf_1076.wav,Violin,ordinario,7.876,C#6,85,mf,2,1,2.0
1077,violin_ord_D6_mf_1077.wav,Violin,ordinario,7.978,D6,86,mf,2,0,1.0
1078,violin_ord_D6_mf_1078.wav,Violin,ordinario,7.692,D6,86,mf,2,1,2.0
1079,violin_ord_D#6_mf_1079.wav,Violin,ordinario,8.44,D#6,87,mf,2,0,1.0
1080,violin_ord_D#6_mf_1080.wav,Violin,ordinario,7.693,D#6,87,mf,2,1,2.0
1081,violin_ord_E6_mf_1081.wav,Violin,ordinario,7.715,E6,88,mf,2,0,1.0
1082,violin_ord_E6_mf_1082.wav,Violin,ordinario,7.884,E6,88,mf,2,1,2.0
1083,violin_ord_F6_mf_1083.wav,Violin,ordinario,7.249,F6,89,mf,2,0,1.0
1084,violin_ord_F6_mf_1084.wav,Violin,ordinario,7.686,F6,89,mf,2,1,2.0
1085,violin_ord_F#6_mf_1085.wav,Violin,ordinario,8.557,F#6,90,mf,2,0,1.0
1086,violin_ord_F#6_mf_1086.wav,Violin,ordinario,7.705,F#6,90,mf,2,1,2.0
1087,violin_ord_G6_mf_1087.wav,Violin,ordinario,8.115,G6,91,mf,2,0,1.0
1088,violin_ord_G6_mf_1088.wav,Violin,ordinario,7.272,G6,91,mf,2,1,2.0
1089,violin_ord_G#6_mf_1089.wav,Violin,ordinario,7.39,G#6,92,mf,2,0,1.0
1090,violin_ord_G#6_mf_1090.wav,Violin,ordinario,7.46,G#6,92,mf,2,1,2.0
1091,violin_ord_A6_mf_1091.wav,Violin,ordinario,6.975,A6,93,mf,2,0,1.0
1092,violin_ord_A6_mf_1092.wav,Violin,ordinario,7.701,A6,93,mf,2,1,2.0
1093,violin_ord_A#6_mf_1093.wav,Violin,ordinario,8.525,A#6,94,mf,2,0,1.0
1094,violin_ord_B6_mf_1094.wav,Violin,ordinario,7.65,B6,95,mf,2,0,1.0
1095,violin_ord_C7_mf_1095.wav,Violin,ordinario,7.439,C7,96,mf,2,0,1.0
1096,violin_ord_C#7_mf_1096.wav,Violin,ordinario,7.481,C#7,97,mf,2,0,1.0
1097,violin_ord_D7_mf_1097.wav,Violin,ordinario,6.59,D7,98,mf,2,0,1.0
1098,violin_ord_D#7_mf_1098.wav,Violin,ordinario,6.22,D#7,99,mf,2,0,1.0
1099,violin_ord_E7_mf_1099.wav,Violin,ordinario,7.173,E7,100,mf,2,0,1.0
1100,violin_ord_G3_ff_1100.wav,Violin,ordinario,9.813,G3,55,ff,4,3,4.0
1101,violin_ord_G#3_ff_1101.wav,Violin,ordinario,7.658,G#3,56,ff,4,3,4.0
1102,violin_ord_A3_ff_1102.wav,Violin,ordinario,8.233,A3,57,ff,4,3,4.0
1103,violin_ord_A#3_ff_1103.wav,Violin,ordinario,7.574,A#3,58,ff,4,3,4.0
1104,violin_ord_B3_ff_1104.wav,Violin,ordinario,8.231,B3,59,ff,4,3,4.0
1105,violin_ord_C4_ff_1105.wav,Violin,ordinario,8.039,C4,60,ff,4,3,4.0
1106,violin_ord_C#4_ff_1106.wav,Violin,ordinario,7.934,C#4,61,ff,4,3,4.0
1107,violin_ord_D4_ff_1107.wav,Violin,ordinario,8.306,D4,62,ff,4,2,3.0
1108,violin_ord_D4_ff_1108.wav,Violin,ordinario,8.292,D4,62,ff,4,3,4.0
1109,violin_ord_D#4_ff_1109.wav,Violin,ordinario,8.197,D#4,63,ff,4,2,3.0
1110,violin_ord_D#4_ff_1110.wav,Violin,ordinario,7.341,D#4,63,ff,4,3,4.0
1111,violin_ord_E4_ff_1111.wav,Violin,ordinario,8.633,E4,64,ff,4,2,3.0
1112,violin_ord_E4_ff_1112.wav,Violin,ordinario,8.393,E4,64,ff,4,3,4.0
1113,violin_ord_F4_ff_1113.wav,Violin,ordinario,7.656,F4,65,ff,4,2,3.0
1114,violin_ord_F4_ff_1114.wav,Violin,ordinario,8.205,F4,65,ff,4,3,4.0
1115,violin_ord_F#4_ff_1115.wav,Violin,ordinario,8.424,F#4,66,ff,4,2,3.0
1116,violin_ord_F#4_ff_1116.wav,Violin,ordinario,8.04,F#4,66,ff,4,3,4.0
1117,violin_ord_G4_ff_1117.wav,Violin,ordinario,8.746,G4,67,ff,4,2,3.0
1118,violin_ord_G4_ff_1118.wav,Violin,ordinario,9.104,G4,67,ff,4,3,4.0
1119,violin_ord_G#4_ff_1119.wav,Violin,ordinario,8.527,G#4,68,ff,4,2,3.0
1120,violin_ord_G#4_ff_1120.wav,Violin,ordinario,8.319,G#4,68,ff,4,3,4.0
1121,violin_ord_A4_ff_1121.wav,Violin,ordinario,9.341,A4,69,ff,4,1,2.0
1122,violin_ord_A4_ff_1122.wav,Violin,ordinario,7.065,A4,69,ff,4,2,3.0
1123,violin_ord_A4_ff_1123.wav,Violin,ordinario,7.597,A4,69,ff,4,3,4.0
1124,violin_ord_A#4_ff_1124.wav,Violin,ordinario,7.818,A#4,70,ff,4,1,2.0
1125,violin_ord_A#4_ff_1125.wav,Violin,ordinario,8.72,A#4,70,ff,4,2,3.0
1126,violin_ord_A#4_ff_1126.wav,Violin,ordinario,7.995,A#4,70,ff,4,3,4.0
1127,violin_ord_B4_ff_1127.wav,Violin,ordinario,8.545,B4,71,ff,4,1,2.0
1128,violin_ord_B4_ff_1128.wav,Violin,ordinario,7.244,B4,71,ff,4,2,3.0
1129,violin_ord_B4_ff_1129.wav,Violin,ordinario,6.709,B4,71,ff,4,3,4.0
1130,violin_ord_C5_ff_1130.wav,Violin,ordinario,7.999,C5,72,ff,4,1,2.0
1131,violin_ord_C5_ff_1131.wav,Violin,ordinario,6.868,C5,72,ff,4,2,3.0
1132,violin_ord_C5_ff_1132.wav,Violin,ordinario,6.997,C5,72,ff,4,3,4.0
1133,violin_ord_C#5_ff_1133.wav,Violin,ordinario,7.847,C#5,73,ff,4,1,2.0
1134,violin_ord_C#5_ff_1134.wav,Violin,ordinario,7.013,C#5,73,ff,4,2,3.0
1135,violin_ord_C#5_ff_1135.wav,Violin,ordinario,6.414,C#5,73,ff,4,3,4.0
1136,violin_ord_D5_ff_1136.wav,Violin,ordinario,9.331,D5,74,ff,4,1,2.0
1137,violin_ord_D5_ff_1137.wav,Violin,ordinario,7.814,D5,74,ff,4,2,3.0
1138,violin_ord_D5_ff_1138.wav,Violin,ordinario,7.905,D5,74,ff,4,3,4.0
1139,violin_ord_D#5_ff_1139.wav,Violin,ordinario,8.74,D#5,75,ff,4,1,2.0
1140,violin_ord_D#5_ff_1140.wav,Violin,ordinario,7.047,D#5,75,ff,4,2,3.0
1141,violin_ord_D#5_ff_1141.wav,Violin,ordinario,8.899,D#5,75,ff,4,3,4.0
1142,violin_ord_E5_ff_1142.wav,Violin,ordinario,8.09,E5,76,ff,4,0,1.0
1143,violin_ord_E5_ff_1143.wav,Violin,ordinario,8.434,E5,76,ff,4,1,2.0
1144,violin_ord_E5_ff_1144.wav,Violin,ordinario,7.014,E5,76,ff,4,2,3.0
1145,violin_ord_E5_ff_1145.wav,Violin,ordinario,8.652,E5,76,ff,4,3,4.0
1146,violin_ord_F5_ff_1146.wav,Violin,ordinario,8.173,F5,77,ff,4,0,1.0
1147,violin_ord_F5_ff_1147.wav,Violin,ordinario,7.65,F5,77,ff,4,1,2.0
1148,violin_ord_F5_ff_1148.wav,Violin,ordinario,6.894,F5,77,ff,4,2,3.0
1149,violin_ord_F#5_ff_1149.wav,Violin,ordinario,7.939,F#5,78,ff,4,0,1.0
1150,violin_ord_F#5_ff_1150.wav,Violin,ordinario,8.562,F#5,78,ff,4,1,2.0
1151,violin_ord_F#5_ff_1151.wav,Violin,ordinario,7.847,F#5,78,ff,4,2,3.0
1152,violin_ord_G5_ff_1152.wav,Violin,ordinario,8.265,G5,79,ff,4,0,1.0
1153,violin_ord_G5_ff_1153.wav,Violin,ordinario,8.735,G5,79,ff,4,1,2.0
1154,violin_ord_G5_ff_1154.wav,Violin,ordinario,8.058,G5,79,ff,4,2,3.0
1155,violin_ord_G#5_ff_1155.wav,Violin,ordinario,7.93,G#5,80,ff,4,0,1.0
1156,violin_ord_G#5_ff_1156.wav,Violin,ordinario,8.622,G#5,80,ff,4,1,2.0
1157,violin_ord_G#5_ff_1157.wav,Violin,ordinario,7.73,G#5,80,ff,4,2,3.0
1158,violin_ord_A5_ff_1158.wav,Violin,ordinario,8.368,A5,81,ff,4,0,1.0
1159,violin_ord_A5_ff_1159.wav,Violin,ordinario,7.799,A5,81,ff,4,1,2.0
1160,violin_ord_A5_ff_1160.wav,Violin,ordinario,7.152,A5,81,ff,4,2,3.0
1161,violin_ord_A#5_ff_1161.wav,Violin,ordinario,7.887,A#5,82,ff,4,0,1.0
1162,violin_ord_A#5_ff_1162.wav,Violin,ordinario,7.242,A#5,82,ff,4,1,2.0
1163,violin_ord_A#5_ff_1163.wav,Violin,ordinario,6.751,A#5,82,ff,4,2,3.0
1164,violin_ord_B5_ff_1164.wav,Violin,ordinario,8.083,B5,83,ff,4,0,1.0
1165,violin_ord_B5_ff_1165.wav,Violin,ordinario,7.659,B5,83,ff,4,1,2.0
1166,violin_ord_B5_ff_1166.wav,Violin,ordinario,7.829,B5,83,ff,4,2,3.0
1167,violin_ord_C6_ff_1167.wav,Violin,ordinario,8.273,C6,84,ff,4,0,1.0
1168,violin_ord_C6_ff_1168.wav,Violin,ordinario,7.093,C6,84,ff,4,1,2.0
1169,violin_ord_C6_ff_1169.wav,Violin,ordinario,7.499,C6,84,ff,4,2,3.0
1170,violin_ord_C#6_ff_1170.wav,Violin,ordinario,8.081,C#6,85,ff,4,0,1.0
1171,violin_ord_C#6_ff_1171.wav,Violin,ordinario,7.664,C#6,85,ff,4,1,2.0
1172,violin_ord_D6_ff_1172.wav,Violin,ordinario,8.176,D6,86,ff,4,0,1.0
1173,violin_ord_D6_ff_1173.wav,Violin,ordinario,7.414,D6,86,ff,4,1,2.0
1174,violin_ord_D#6_ff_1174.wav,Violin,ordinario,8.289,D#6,87,ff,4,0,1.0
1175,violin_ord_D#6_ff_1175.wav,Violin,ordinario,8.802,D#6,87,ff,4,1,2.0
1176,violin_ord_E6_ff_1176.wav,Violin,ordinario,7.47,E6,88,ff,4,0,1.0
1177,violin_ord_E6_ff_1177.wav,Violin,ordinario,7.577,E6,88,ff,4,1,2.0
1178,violin_ord_F6_ff_1178.wav,Violin,ordinario,7.121,F6,89,ff,4,0,1.0
1179,violin_ord_F6_ff_1179.wav,Violin,ordinario,7.4,F6,89,ff,4,1,2.0
1180,violin_ord_F#6_ff_1180.wav,Violin,ordinario,7.603,F#6,90,ff,4,0,1.0
1181,violin_ord_F#6_ff_1181.wav,Violin,ordinario,7.235,F#6,90,ff,4,1,2.0
1182,violin_ord_G6_ff_1182.wav,Violin,ordinario,7.176,G6,91,ff,4,0,1.0
1183,violin_ord_G6_ff_1183.wav,Violin,ordinario,7.11,G6,91,ff,4,1,2.0
1184,violin_ord_G#6_ff_1184.wav,Violin,ordinario,7.28,G#6,92,ff,4,0,1.0
1185,violin_ord_G#6_ff_1185.wav,Violin,ordinario,7.517,G#6,92,ff,4,1,2.0
1186,violin_ord_A6_ff_1186.wav,Violin,ordinario,7.482,A6,93,ff,4,0,1.0
1187,violin_ord_A#6_ff_1187.wav,Violin,ordinario,7.719,A#6,94,ff,4,0,1.0
1188,violin_ord_B6_ff_1188.wav,Violin,ordinario,7.291,B6,95,ff,4,0,1.0
1189,violin_ord_C7_ff_1189.wav,Violin,ordinario,7.441,C7,96,ff,4,0,1.0
1190,violin_ord_C#7_ff_1190.wav,Violin,ordinario,6.765,C#7,97,ff,4,0,1.0
1191,violin_ord_D7_ff_1191.wav,Violin,ordinario,6.136,D7,98,ff,4,0,1.0
1192,violin_ord_D#7_ff_1192.wav,Violin,ordinario,5.792,D#7,99,ff,4,0,1.0
1193,violin_ord_E7_ff_1193.wav,Violin,ordinario,6.741,E7,100,ff,4,0,1.0
